,open,high,low,close,adjclose,volume,ticker,adjclose_15,true_adjclose_15,buy_profit,sell_profit
2010-09-22,4.173999786376953,4.190000057220459,3.9600000381469727,3.9739999771118164,3.9739999771118164,4814500,TSLA,-0.11310703,4.107999801635742,0.0,-0.13399982452392578
2010-10-01,4.138000011444092,4.150000095367432,4.061999797821045,4.119999885559082,4.119999885559082,2988500,TSLA,1.0467498,4.144000053405762,0.0,-0.024000167846679688
2010-10-05,4.230000019073486,4.25600004196167,4.202000141143799,4.223999977111816,4.223999977111816,1660000,TSLA,1.2842344,4.271999835968018,0.0,-0.04799985885620117
2010-10-19,4.039999961853027,4.081999778747559,4.0,4.010000228881836,4.010000228881836,1226000,TSLA,0.607518,4.926000118255615,0.0,-0.9159998893737793
2010-10-21,4.122000217437744,4.190000057220459,4.090000152587891,4.150000095367432,4.150000095367432,2085500,TSLA,0.89258546,5.607999801635742,0.0,-1.4579997062683105
2010-10-22,4.136000156402588,4.185999870300293,4.110000133514404,4.144000053405762,4.144000053405762,805500,TSLA,0.88286966,5.9679999351501465,0.0,-1.8239998817443848
2010-11-09,5.0,5.138000011444092,4.809999942779541,4.926000118255615,4.926000118255615,4782000,TSLA,1.2351252,6.869999885559082,0.0,-1.9439997673034668
2010-11-11,5.71999979019165,5.820000171661377,5.466000080108643,5.607999801635742,5.607999801635742,9726500,TSLA,2.0840576,6.297999858856201,0.0,-0.690000057220459
2010-11-17,6.039999961853027,6.150000095367432,5.7220001220703125,5.8979997634887695,5.8979997634887695,3750000,TSLA,3.0179555,6.409999847412109,0.0,-0.5120000839233398
2010-11-18,6.133999824523926,6.1479997634887695,5.783999919891357,5.978000164031982,5.978000164031982,4780500,TSLA,3.3024836,6.303999900817871,0.0,-0.32599973678588867
2010-11-30,6.748000144958496,7.065999984741211,6.682000160217285,7.065999984741211,7.065999984741211,11113000,TSLA,4.977791,6.452000141143799,0.0,0.6139998435974121
2010-12-22,6.449999809265137,6.572000026702881,6.340000152587891,6.526000022888184,6.526000022888184,4166500,TSLA,3.2327454,5.24399995803833,0.0,1.2820000648498535
2010-12-23,6.251999855041504,6.495999813079834,5.984000205993652,6.01800012588501,6.01800012588501,7763000,TSLA,2.831408,5.150000095367432,0.0,0.8680000305175781
2011-01-24,4.705999851226807,4.961999893188477,4.645999908447266,4.8979997634887695,4.8979997634887695,8225500,TSLA,2.77304,4.616000175476074,0.0,0.2819995880126953
2011-01-28,4.97599983215332,4.97599983215332,4.75,4.802000045776367,4.802000045776367,5242000,TSLA,4.242103,4.636000156402588,0.0,0.1659998893737793
2011-02-02,4.831999778747559,4.835999965667725,4.734000205993652,4.788000106811523,4.788000106811523,2847500,TSLA,4.3858204,4.50600004196167,0.0,0.2820000648498535
2011-02-03,4.763999938964844,4.78000020980835,4.630000114440918,4.72599983215332,4.72599983215332,2560000,TSLA,4.1951966,4.7220001220703125,0.0,0.0039997100830078125
2011-02-24,4.355999946594238,4.515999794006348,4.300000190734863,4.50600004196167,4.50600004196167,5276500,TSLA,3.439739,4.561999797821045,0.0,-0.055999755859375
2011-02-25,4.561999797821045,4.769999980926514,4.538000106811523,4.7220001220703125,4.7220001220703125,6731500,TSLA,4.0103583,4.5920000076293945,0.0,0.13000011444091797
2011-02-28,4.748000144958496,4.820000171661377,4.699999809265137,4.7779998779296875,4.7779998779296875,5256000,TSLA,4.4614816,4.546000003814697,0.0,0.23199987411499023
2011-03-04,4.895999908447266,4.998000144958496,4.75600004196167,4.989999771118164,4.989999771118164,7900500,TSLA,2.3459916,4.550000190734863,0.0,0.4399995803833008
2011-03-10,4.888000011444092,4.8979997634887695,4.745999813079834,4.802000045776367,4.802000045776367,5085000,TSLA,2.295676,5.550000190734863,0.0,-0.7480001449584961
2011-03-11,4.769999980926514,4.849999904632568,4.705999851226807,4.814000129699707,4.814000129699707,4654000,TSLA,2.7082465,5.331999778747559,0.0,-0.5179996490478516
2011-03-28,4.539999961853027,4.708000183105469,4.510000228881836,4.650000095367432,4.650000095367432,5290500,TSLA,2.1003633,5.00600004196167,0.0,-0.3559999465942383
2011-04-04,5.366000175476074,5.400000095367432,5.046000003814697,5.165999889373779,5.165999889373779,13046500,TSLA,1.7722647,5.386000156402587,0.0,-0.2200002670288077
2011-04-13,5.026000022888184,5.138000011444092,4.961999893188477,4.986000061035156,4.986000061035156,6057500,TSLA,3.9339387,5.288000106811523,0.0,-0.3020000457763672
2011-04-27,5.386000156402588,5.4720001220703125,5.326000213623047,5.415999889373779,5.415999889373779,4984500,TSLA,2.8726842,5.269999980926514,0.0,0.14599990844726562
2011-05-13,5.599999904632568,5.638000011444092,5.460000038146973,5.510000228881836,5.510000228881836,3307500,TSLA,2.7905521,5.739999771118164,0.0,-0.22999954223632812
2011-05-20,5.6519999504089355,5.656000137329102,5.46999979019165,5.593999862670898,5.593999862670898,4212500,TSLA,1.3532414,5.685999870300293,0.0,-0.09200000762939453
2011-06-15,5.688000202178955,5.690000057220459,5.414000034332275,5.464000225067139,5.464000225067139,6725000,TSLA,3.3889573,5.946000099182129,0.0,-0.48199987411499023
2011-06-21,5.248000144958496,5.546000003814697,5.199999809265137,5.50600004196167,5.50600004196167,7480000,TSLA,3.7138202,5.728000164031982,0.0,-0.2220001220703125
2011-06-29,5.699999809265137,5.817999839782715,5.613999843597412,5.6579999923706055,5.6579999923706055,7309000,TSLA,4.5628805,5.739999771118164,0.0,-0.0819997787475586
2011-07-14,5.705999851226807,5.791999816894531,5.449999809265137,5.521999835968018,5.521999835968018,5795000,TSLA,3.142159,4.949999809265137,0.0,0.5720000267028809
2011-07-15,5.558000087738037,5.565999984741211,5.480000019073486,5.515999794006348,5.515999794006348,3545000,TSLA,2.7467077,4.8480000495910645,0.0,0.6679997444152832
2011-07-28,5.519999980926514,5.710000038146973,5.507999897003174,5.633999824523926,5.633999824523926,4693500,TSLA,4.3311725,4.8520002365112305,0.0,0.7819995880126953
2011-08-01,5.734000205993652,5.796000003814697,5.642000198364258,5.754000186920166,5.754000186920166,5824500,TSLA,3.599945,4.389999866485596,0.0,1.3640003204345703
2011-08-15,5.323999881744385,5.349999904632568,5.185999870300293,5.245999813079834,5.245999813079834,3693000,TSLA,2.5936859,4.5879998207092285,0.0,0.6579999923706055
2011-08-19,4.771999835968018,4.843999862670898,4.400000095367432,4.460000038146973,4.460000038146973,6876500,TSLA,2.6583238,4.576000213623047,0.0,-0.11600017547607422
2011-08-24,4.619999885559082,4.785999774932861,4.565999984741211,4.77400016784668,4.77400016784668,3421500,TSLA,2.203819,4.964000225067139,0.0,-0.19000005722045898
2011-08-25,4.77400016784668,4.77400016784668,4.579999923706055,4.622000217437744,4.622000217437744,3399000,TSLA,2.2483308,5.159999847412109,0.0,-0.5379996299743652
2011-08-26,4.541999816894531,4.789999961853027,4.414000034332275,4.745999813079834,4.745999813079834,3809000,TSLA,2.2671134,5.1539998054504395,0.0,-0.40799999237060547
2011-08-31,4.960000038146973,5.099999904632568,4.855999946594238,4.947999954223633,4.947999954223633,4119000,TSLA,1.4923613,5.125999927520751,0.0,-0.17799997329711825
2011-09-06,4.5,4.639999866485596,4.458000183105469,4.5879998207092285,4.5879998207092285,4049000,TSLA,1.6461145,5.23799991607666,0.0,-0.6500000953674316
2011-09-14,4.849999904632568,4.9679999351501465,4.757999897003174,4.868000030517578,4.868000030517578,4154000,TSLA,2.227976,5.073999881744385,0.0,-0.20599985122680664
2011-09-28,5.199999809265137,5.300000190734863,4.9019999504089355,4.918000221252441,4.918000221252441,3616500,TSLA,1.8756838,5.513999938964844,0.0,-0.5959997177124023
2011-10-03,4.989999771118164,5.0,4.650000095367432,4.745999813079834,4.745999813079834,5116000,TSLA,2.2201157,5.7100000381469735,0.0,-0.9640002250671396
2011-10-04,4.6579999923706055,4.863999843597412,4.585999965667725,4.73199987411499,4.73199987411499,6001500,TSLA,2.201863,5.650000095367431,0.0,-0.9180002212524405
2011-10-11,5.501999855041504,5.553999900817871,5.418000221252441,5.521999835968018,5.521999835968018,2878500,TSLA,2.2108293,5.776000022888184,0.0,-0.254000186920166
2011-10-12,5.449999809265137,5.599999904632568,5.440000057220459,5.559999942779541,5.559999942779541,5617000,TSLA,2.0803924,5.742000102996826,0.0,-0.18200016021728516
2011-10-24,5.573999881744385,5.7779998779296875,5.550000190734863,5.710000038146973,5.710000038146973,4703000,TSLA,3.0746233,6.644000053405762,0.0,-0.9340000152587891
2011-11-01,5.677999973297119,5.783999919891357,5.599999904632568,5.776000022888184,5.776000022888184,3176000,TSLA,2.1713536,6.414000034332275,0.0,-0.6380000114440918
2011-11-02,5.800000190734863,5.8520002365112305,5.650000095367432,5.742000102996826,5.742000102996826,4376500,TSLA,2.2294657,6.289999961853027,0.0,-0.5479998588562012
2011-11-04,6.291999816894531,6.480000019073486,6.1020002365112305,6.461999893188477,6.461999893188477,15164500,TSLA,3.300665,6.51200008392334,0.0,-0.05000019073486328
2011-11-18,6.728000164031982,6.822000026702881,6.507999897003174,6.519999980926514,6.519999980926514,4514000,TSLA,3.8226686,6.081999778747559,0.0,0.4380002021789551
2011-11-22,6.3520002365112305,6.558000087738037,6.210000038146973,6.414000034332275,6.414000034332275,3663000,TSLA,3.3744247,5.705999851226807,0.0,0.7080001831054688
2011-12-02,6.565999984741211,6.73799991607666,6.480000019073486,6.659999847412109,6.659999847412109,4014000,TSLA,3.7187467,5.579999923706056,0.0,1.0799999237060538
2011-12-07,6.926000118255615,6.978000164031982,6.760000228881836,6.8379998207092285,6.8379998207092285,3371500,TSLA,4.0344334,5.745999813079834,0.0,1.0920000076293945
2011-12-14,5.900000095367432,5.935999870300293,5.599999904632568,5.705999851226807,5.705999851226807,5819500,TSLA,2.9542038,5.381999969482422,0.0,0.32399988174438477
2011-12-22,5.519999980926514,5.610000133514404,5.460000038146973,5.553999900817871,5.553999900817871,5047000,TSLA,2.3441546,5.320000171661377,0.0,0.23399972915649414
2012-01-04,5.642000198364258,5.734000205993652,5.5,5.541999816894531,5.541999816894531,3150500,TSLA,2.3808608,5.788000106811523,0.0,-0.2460002899169922
2012-01-10,5.48799991607666,5.552000045776367,5.449999809265137,5.52400016784668,5.52400016784668,3359000,TSLA,2.8492858,5.915999889373779,0.0,-0.3919997215270996
2012-01-26,5.613999843597412,5.915999889373779,5.599999904632568,5.788000106811523,5.788000106811523,6355500,TSLA,2.8536274,6.835999965667724,0.0,-1.0479998588562003
2012-01-31,5.980000019073486,6.0,5.77400016784668,5.814000129699707,5.814000129699707,4782000,TSLA,3.0023627,6.843999862670898,0.0,-1.0299997329711914
2012-02-01,5.814000129699707,5.940000057220459,5.800000190734863,5.915999889373779,5.915999889373779,2616000,TSLA,2.9865413,6.906000137329101,0.0,-0.9900002479553214
2012-02-22,6.900000095367432,6.943999767303467,6.5,6.843999862670898,6.843999862670898,8273000,TSLA,4.882634,7.058000087738037,0.0,-0.21400022506713867
2012-02-27,6.682000160217285,6.800000190734863,6.599999904632568,6.723999977111816,6.723999977111816,3030000,TSLA,4.1959553,6.995999813079834,0.0,-0.2719998359680176
2012-03-06,6.650000095367432,6.656000137329102,6.52400016784668,6.622000217437744,6.622000217437744,2869000,TSLA,2.6698678,7.587999820709228,0.0,-0.9659996032714835
2012-03-07,6.624000072479248,6.6620001792907715,6.581999778747559,6.624000072479248,6.624000072479248,1824500,TSLA,2.8760662,7.570000171661377,0.0,-0.9460000991821289
2012-03-12,6.938000202178955,7.257999897003174,6.920000076293945,7.202000141143799,7.202000141143799,9816500,TSLA,4.596936,7.315999984741211,0.0,-0.11399984359741211
2012-03-20,6.995999813079834,7.039999961853027,6.914000034332275,6.992000102996826,6.992000102996826,2835000,TSLA,4.881711,6.618000030517578,0.0,0.37400007247924805
2012-03-21,6.98799991607666,7.059999942779541,6.920000076293945,7.03000020980835,7.03000020980835,3036000,TSLA,4.0174694,6.688000202178955,0.0,0.34200000762939453
2012-03-26,7.118000030517578,7.618000030517578,7.007999897003174,7.480000019073486,7.480000019073486,15702500,TSLA,3.2420316,6.447999954223633,0.0,1.0320000648498535
2012-04-03,7.340000152587891,7.693999767303467,7.334000110626221,7.6020002365112305,7.6020002365112305,5490500,TSLA,3.6834755,6.581999778747559,0.0,1.0200004577636719
2012-04-04,7.053999900817871,7.0980000495910645,6.938000202178955,7.0,7.0,22409000,TSLA,4.007854,6.697999954223633,0.0,0.3020000457763672
2012-04-05,7.019999980926514,7.0879998207092285,6.881999969482422,6.895999908447266,6.895999908447266,7547000,TSLA,3.5226846,6.668000221252441,0.0,0.22799968719482422
2012-04-09,6.820000171661377,6.857999801635742,6.619999885559082,6.630000114440918,6.630000114440918,8278500,TSLA,3.5494373,6.625999927520752,0.0,0.004000186920166016
2012-04-11,6.6479997634887695,6.6579999923706055,6.4019999504089355,6.618000030517578,6.618000030517578,5527500,TSLA,4.1363077,6.788000106811523,0.0,-0.1700000762939453
2012-04-12,6.754000186920166,6.895999908447266,6.584000110626221,6.688000202178955,6.688000202178955,5169500,TSLA,4.5891123,6.492000102996826,0.0,0.1960000991821289
2012-04-27,6.71999979019165,6.72599983215332,6.581999778747559,6.668000221252441,6.668000221252441,2955000,TSLA,3.1575963,5.51200008392334,0.0,1.1560001373291016
2012-05-03,6.7820000648498535,6.800000190734863,6.426000118255615,6.492000102996826,6.492000102996826,4206500,TSLA,3.6270359,6.056000232696533,0.0,0.43599987030029297
2012-05-14,6.383999824523926,6.426000118255615,6.010000228881836,6.01200008392334,6.01200008392334,6904500,TSLA,3.578402,5.581999778747559,0.0,0.43000030517578125
2012-05-22,6.019999980926514,6.26800012588501,6.0,6.159999847412109,6.159999847412109,11831000,TSLA,3.7464957,5.953999996185304,0.0,0.20599985122680575
2012-05-24,6.25,6.25,5.938000202178955,6.056000232696533,6.056000232696533,5378000,TSLA,3.7130432,5.98199987411499,0.0,0.07400035858154297
2012-05-29,6.001999855041504,6.386000156402588,6.001999855041504,6.3379998207092285,6.3379998207092285,8250000,TSLA,4.5331116,6.4180002212524405,0.0,-0.080000400543212
2012-05-30,6.216000080108643,6.283999919891357,6.047999858856201,6.081999778747559,6.081999778747559,6536000,TSLA,4.338914,6.75600004196167,0.0,-0.6740002632141113
2012-05-31,6.013999938964844,6.058000087738037,5.75,5.900000095367432,5.900000095367432,5593500,TSLA,3.6395395,6.438000202178954,0.0,-0.5380001068115225
2012-06-05,5.567999839782715,5.677999973297119,5.51200008392334,5.581999778747559,5.581999778747559,3154500,TSLA,3.2959485,6.322000026702881,0.0,-0.7400002479553223
2012-06-14,6.035999774932861,6.130000114440918,5.723999977111816,5.877999782562256,5.877999782562256,4361000,TSLA,3.4537416,6.197999954223634,0.0,-0.32000017166137784
2012-06-15,5.877999782562256,5.989999771118164,5.76200008392334,5.98199987411499,5.98199987411499,3234000,TSLA,3.4903839,6.297999858856201,0.0,-0.31599998474121094
2012-06-21,6.8520002365112305,6.855999946594238,6.368000030517578,6.438000202178955,6.438000202178955,9459500,TSLA,3.4950268,6.849999904632568,0.0,-0.4119997024536133
2012-06-22,6.519999980926514,6.796000003814697,6.492000102996826,6.757999897003174,6.757999897003174,15233000,TSLA,3.36087,7.191999912261963,0.0,-0.43400001525878906
2012-06-28,6.380000114440918,6.421999931335449,6.124000072479248,6.2820000648498535,6.2820000648498535,4570500,TSLA,3.0645604,6.357999801635742,0.0,-0.07599973678588867
2012-07-13,6.593999862670898,6.880000114440918,6.565999984741211,6.849999904632568,6.849999904632568,6524000,TSLA,4.423541,5.453999996185303,0.0,1.3959999084472656
2012-07-19,6.544000148773193,6.630000114440918,6.4079999923706055,6.453999996185303,6.453999996185303,7179500,TSLA,3.5431855,5.881999969482422,0.0,0.5720000267028809
2012-08-06,5.510000228881836,5.739999771118164,5.510000228881836,5.6539998054504395,5.6539998054504395,7641000,TSLA,3.0460975,5.664000034332275,0.0,-0.010000228881835938
2012-08-09,5.9039998054504395,6.0,5.826000213623047,5.881999969482422,5.881999969482422,3363000,TSLA,2.758535,5.682000160217285,0.0,0.19999980926513672
2012-09-04,5.703999996185303,5.797999858856201,5.579999923706055,5.627999782562256,5.627999782562256,3762500,TSLA,2.884036,5.5320000648498535,0.0,0.09599971771240234
2012-09-12,5.579999923706055,5.716000080108643,5.559999942779541,5.656000137329102,5.656000137329102,5726000,TSLA,2.6800313,5.860000133514405,0.0,-0.20399999618530362
2012-09-14,6.0,6.130000114440918,5.929999828338623,6.078000068664551,6.078000068664551,7683000,TSLA,3.017014,5.7779998779296875,0.0,0.3000001907348633
2012-09-20,6.185999870300293,6.300000190734863,6.136000156402588,6.179999828338623,6.179999828338623,4562000,TSLA,3.0337584,5.664000034332275,0.0,0.5159997940063477
2012-09-21,6.21999979019165,6.297999858856201,5.9079999923706055,6.004000186920166,6.004000186920166,9350000,TSLA,3.1374245,5.5279998779296875,0.0,0.4760003089904785
2012-10-03,5.949999809265137,5.989999771118164,5.8480000495910645,5.860000133514404,5.860000133514404,5264000,TSLA,4.052987,5.484000205993652,0.0,0.37599992752075195
2012-10-08,5.771999835968018,5.880000114440918,5.7220001220703125,5.849999904632568,5.849999904632568,4448500,TSLA,3.8036115,5.625999927520752,0.0,0.2239999771118164
2012-10-16,5.533999919891357,5.618000030517578,5.4679999351501465,5.611999988555908,5.611999988555908,2396500,TSLA,3.0457594,6.26200008392334,0.0,-0.6500000953674316
2012-10-19,5.565999984741211,5.639999866485596,5.460000038146973,5.547999858856201,5.547999858856201,5137000,TSLA,3.5370436,6.322000026702881,0.0,-0.7740001678466797
2012-11-13,6.257999897003174,6.400000095367432,6.144000053405762,6.322000026702881,6.322000026702881,4991500,TSLA,3.286708,6.742000102996827,0.0,-0.4200000762939462
2012-11-15,6.260000228881836,6.288000106811523,6.099999904632568,6.164000034332275,6.164000034332275,4920000,TSLA,3.1184406,6.834000110626221,0.0,-0.6700000762939453
2012-11-27,6.426000118255615,6.5320000648498535,6.303999900817871,6.429999828338623,6.429999828338623,4554000,TSLA,3.8523643,6.918000221252441,0.0,-0.48800039291381836
2012-11-28,6.400000095367432,6.857999801635742,6.381999969482422,6.645999908447266,6.645999908447266,7626000,TSLA,4.399631,6.921999931335449,0.0,-0.2760000228881836
2012-11-29,6.688000202178955,6.800000190734863,6.573999881744385,6.73799991607666,6.73799991607666,5517000,TSLA,4.593417,6.886000156402588,0.0,-0.14800024032592773
2012-12-06,6.763999938964844,6.960000038146973,6.699999809265137,6.78000020980835,6.78000020980835,3302000,TSLA,2.7563503,6.644000053405762,0.0,0.1360001564025879
2012-12-26,6.791999816894531,6.900000095367432,6.699999809265137,6.7179999351501465,6.7179999351501465,3007000,TSLA,3.2508152,6.875999927520753,0.0,-0.15799999237060636
2013-01-11,6.808000087738037,6.808000087738037,6.421999931335449,6.581999778747559,6.581999778747559,7816000,TSLA,3.473749,7.547999858856201,0.0,-0.9660000801086426
2013-02-01,7.633999824523926,7.699999809265137,7.52400016784668,7.659999847412109,7.659999847412109,5503000,TSLA,4.923554,6.875999927520753,0.0,0.7839999198913565
2013-02-04,7.679999828338623,7.684000015258789,7.51800012588501,7.547999858856201,7.547999858856201,5640000,TSLA,4.9468064,6.886000156402588,0.0,0.6619997024536133
2013-02-19,7.4720001220703125,7.857999801635742,7.461999893188477,7.855999946594238,7.855999946594238,13507000,TSLA,6.288284,7.823999881744385,0.0,0.032000064849853516
2013-03-04,6.953999996185303,7.165999889373779,6.940000057220459,7.116000175476074,7.116000175476074,8788500,TSLA,5.4651537,7.50600004196167,0.0,-0.3899998664855957
2013-03-12,7.78000020980835,7.875999927520752,7.769999980926514,7.823999881744385,7.823999881744385,6375500,TSLA,5.632754,8.220000267028809,0.0,-0.39600038528442383
2013-04-01,8.472000122070312,9.336000442504883,8.34000015258789,8.78600025177002,8.78600025177002,70492500,TSLA,7.878251,10.038000106811523,0.0,-1.251999855041504
2013-04-05,8.399999618530273,8.399999618530273,8.100000381469727,8.27400016784668,8.27400016784668,7762000,TSLA,5.989452,10.239999771118164,0.0,-1.9659996032714844
2013-04-09,8.359999656677246,8.366000175476074,8.065999984741211,8.100000381469727,8.100000381469727,8480500,TSLA,7.0101795,10.79800033569336,0.0,-2.697999954223633
2013-04-10,8.140000343322754,8.402000427246094,8.121999740600586,8.371999740600586,8.371999740600586,10605500,TSLA,6.7815423,10.656000137329102,0.0,-2.2840003967285156
2013-04-11,8.411999702453613,8.90999984741211,8.350000381469727,8.718000411987305,8.718000411987305,17237000,TSLA,6.7201123,10.821999549865723,0.0,-2.103999137878418
2013-04-16,8.838000297546387,9.227999687194824,8.781999588012695,9.118000030517578,9.118000030517578,15902000,TSLA,8.310454,11.10200023651123,0.0,-1.9840002059936523
2013-04-26,10.62600040435791,10.748000144958496,10.12399959564209,10.239999771118164,10.239999771118164,18110500,TSLA,12.306306,18.299999237060547,8.059999465942383,0.0
2013-04-29,10.35200023651123,10.998000144958496,10.239999771118164,10.98799991607666,10.98799991607666,18198500,TSLA,11.6687,17.988000869750977,7.000000953674316,0.0
2013-05-06,11.277999877929688,11.932000160217285,11.100000381469727,11.899999618530273,11.899999618530273,21833500,TSLA,13.372698,22.06599998474121,10.166000366210938,0.0
2013-05-13,16.197999954223633,17.600000381469727,15.829999923706055,17.559999465942383,17.559999465942383,112084500,TSLA,10.409847,18.968000411987305,0.0,-1.4080009460449219
2013-05-14,18.8439998626709,19.423999786376953,16.229999542236328,16.648000717163086,16.648000717163086,185819500,TSLA,10.966976,19.073999404907227,0.0,-2.4259986877441406
2013-05-16,18.940000534057617,19.0,17.73200035095215,18.450000762939453,18.450000762939453,108070000,TSLA,11.688827,20.40800094604492,0.0,-1.9580001831054652
2013-05-29,22.709999084472656,22.979999542236328,19.799999237060547,20.926000595092773,20.926000595092773,125497500,TSLA,21.007889,20.93600082397461,0.010000228881835938,0.0
2013-06-03,19.52400016784668,19.52400016784668,17.649999618530273,18.51799964904785,18.51799964904785,95698000,TSLA,21.094088,20.298000335693363,1.7800006866455114,0.0
2013-06-06,19.049999237060547,19.854000091552734,19.02199935913086,19.469999313354492,19.469999313354492,47554500,TSLA,19.816462,21.850000381469727,2.3800010681152344,0.0
2013-06-07,19.600000381469727,20.579999923706055,19.34000015258789,20.408000946044922,20.408000946044922,53558000,TSLA,18.73041,21.472000122070312,0.0,-1.0639991760253906
2013-06-12,19.360000610351562,20.09600067138672,19.149999618530273,19.54599952697754,19.54599952697754,45963500,TSLA,19.170574,23.04800033569336,0.0,-3.5020008087158203
2013-06-19,20.41200065612793,21.333999633789062,20.402000427246094,20.93600082397461,20.93600082397461,42894500,TSLA,21.46774,25.12199974060059,4.18599891662598,0.0
2013-06-20,20.93000030517578,21.426000595092773,19.889999389648438,20.1299991607666,20.1299991607666,50532500,TSLA,21.090376,25.979999542236328,5.850000381469727,0.0
2013-06-21,20.739999771118164,20.739999771118164,19.5,19.90999984741211,19.90999984741211,58593000,TSLA,20.277473,25.45199966430664,5.541999816894531,0.0
2013-06-24,19.299999237060547,20.573999404907227,19.059999465942383,20.29800033569336,20.29800033569336,35599000,TSLA,19.689058,21.80999946594238,0.0,-1.5119991302490199
2013-07-08,24.27400016784668,24.43600082397461,23.763999938964844,24.32200050354004,24.32200050354004,39071000,TSLA,23.100035,26.92399978637695,0.0,-2.6019992828369105
2013-07-10,24.63800048828125,24.649999618530273,24.158000946044922,24.45400047302246,24.45400047302246,28000500,TSLA,26.552925,26.856000900268555,2.4020004272460938,0.0
2013-07-30,26.959999084472656,27.49799919128418,25.63599967956543,26.347999572753906,26.347999572753906,65635000,TSLA,26.406008,29.916000366210938,3.5680007934570312,0.0
2013-07-31,26.513999938964844,26.993999481201172,26.290000915527344,26.856000900268555,26.856000900268555,31758500,TSLA,24.934378,29.57200050354004,0.0,-2.7159996032714844
2013-08-14,28.54400062561035,28.968000411987305,27.610000610351562,27.871999740600586,27.871999740600586,58469000,TSLA,25.70231,33.986000061035156,0.0,-6.11400032043457
2013-08-20,29.729999542236328,29.95599937438965,29.399999618530273,29.916000366210938,29.916000366210938,32091000,TSLA,27.168869,32.70399856567383,0.0,-2.7879981994628906
2013-08-21,30.0,30.062000274658203,29.25,29.57200050354004,29.57200050354004,31331500,TSLA,27.309553,32.986000061035156,0.0,-3.413999557495117
2013-08-26,33.029998779296875,34.599998474121094,32.04999923706055,32.84400177001953,32.84400177001953,120855500,TSLA,26.546125,33.24599838256836,0.0,-0.4019966125488281
2013-09-10,32.290000915527344,33.5,32.125999450683594,33.27399826049805,33.27399826049805,44839000,TSLA,35.97003,38.599998474121094,5.326000213623047,0.0
2013-09-20,35.779998779296875,37.16600036621094,35.71200180053711,36.678001403808594,36.678001403808594,67008500,TSLA,30.70435,35.7400016784668,0.0,0.9379997253417969
2013-09-26,37.34000015258789,37.93600082397461,37.12200164794922,37.72800064086914,37.72800064086914,33072000,TSLA,34.86858,36.560001373291016,0.0,1.167999267578125
2013-09-27,37.50400161743164,38.25600051879883,37.2859992980957,38.18000030517578,38.18000030517578,29582000,TSLA,36.239742,36.68000030517578,0.0,1.5
2013-10-02,37.71799850463867,38.36600112915039,35.08000183105469,36.189998626708984,36.189998626708984,103877000,TSLA,35.540203,32.900001525878906,0.0,3.289997100830078
2013-10-04,35.279998779296875,36.236000061035156,34.529998779296875,36.19599914550781,36.19599914550781,72070000,TSLA,34.124493,33.93199920654297,0.0,2.2639999389648438
2013-10-09,34.94599914550781,34.99800109863281,32.29999923706055,33.75600051879883,33.75600051879883,76582500,TSLA,29.205399,31.8439998626709,0.0,1.9120006561279297
2013-10-22,34.099998474121094,35.555999755859375,33.22200012207031,34.30799865722656,34.30799865722656,56933500,TSLA,34.02936,27.559999465942383,0.0,6.74799919128418
2013-10-23,33.78200149536133,34.36199951171875,32.029998779296875,32.900001525878906,32.900001525878906,66602000,TSLA,33.78293,27.739999771118164,-5.160001754760742,0.0
2013-10-24,33.0,34.900001525878906,32.566001892089844,34.630001068115234,34.630001068115234,54128500,TSLA,34.238926,27.520000457763672,0.0,7.1100006103515625
2013-10-25,34.84199905395508,34.900001525878906,33.36000061035156,33.93199920654297,33.93199920654297,37977500,TSLA,33.989502,27.09000015258789,-6.841999053955078,0.0
2013-11-06,30.961999893188477,32.145999908447266,29.270000457763672,30.23200035095215,30.23200035095215,155358500,TSLA,30.692577,25.38800048828125,-4.843999862670898,0.0
2013-11-07,28.83799934387207,29.1299991607666,27.52400016784668,27.95400047302246,27.95400047302246,111423500,TSLA,28.065266,25.45599937438965,-2.4980010986328125,0.0
2013-11-19,23.88599967956543,25.799999237060547,23.8439998626709,25.218000411987305,25.218000411987305,99081000,TSLA,21.347073,27.93000030517578,0.0,-2.7119998931884766
2013-12-18,30.447999954223633,30.979999542236328,29.190000534057617,29.59600067138672,29.59600067138672,57909500,TSLA,19.4056,29.143999099731445,0.0,0.45200157165527344
2013-12-20,28.31599998474121,28.8700008392334,28.31599998474121,28.648000717163086,28.648000717163086,37063000,TSLA,21.525011,32.25400161743164,0.0,-3.6060009002685547
2013-12-24,30.0,30.993999481201172,29.964000701904297,30.281999588012695,30.281999588012695,49707500,TSLA,26.530357,34.194000244140625,0.0,-3.9120006561279297
2014-01-10,29.691999435424805,29.780000686645508,28.450000762939453,29.143999099731445,29.143999099731445,37230500,TSLA,32.593826,35.422000885009766,6.27800178527832,0.0
2014-01-13,29.1560001373291,29.399999618530273,27.56399917602539,27.868000030517578,27.868000030517578,31580500,TSLA,30.683483,35.74599838256836,7.877998352050781,0.0
2014-01-16,32.5,34.540000915527344,32.47999954223633,34.194000244140625,34.194000244140625,59797000,TSLA,32.668022,37.305999755859375,0.0,-3.11199951171875
2014-02-10,37.86800003051758,39.86000061035156,37.86399841308594,39.3120002746582,39.3120002746582,64853500,TSLA,36.736,50.96799850463867,0.0,-11.655998229980469
2014-02-11,39.79399871826172,40.439998626708984,38.540000915527344,39.32400131225586,39.32400131225586,53549500,TSLA,39.089832,50.53200149536133,0.0,-11.208000183105469
2014-02-14,39.619998931884766,40.375999450683594,39.400001525878906,39.645999908447266,39.645999908447266,30790000,TSLA,40.177677,47.768001556396484,8.122001647949219,0.0
2014-03-06,50.827999114990234,51.5,49.88999938964844,50.5880012512207,50.5880012512207,36805500,TSLA,45.353367,41.4640007019043,0.0,9.124000549316406
2014-03-19,48.27799987792969,48.310001373291016,46.70199966430664,47.167999267578125,47.167999267578125,25356500,TSLA,44.980007,43.38600158691406,0.0,3.7819976806640625
2014-04-01,41.80400085449219,43.63199996948242,41.715999603271484,43.39400100708008,43.39400100708008,36857000,TSLA,38.471066,41.5979995727539,0.0,1.796001434326179
2014-04-02,44.0,46.178001403808594,43.61000061035156,46.05799865722656,46.05799865722656,53911500,TSLA,39.03951,41.571998596191406,0.0,4.486000061035156
2014-04-11,40.12200164794922,41.400001525878906,39.720001220703125,40.75600051879883,40.75600051879883,45336000,TSLA,39.351128,43.321998596191406,0.0,-2.565998077392578
2014-04-22,41.27199935913086,43.86600112915039,41.00199890136719,43.72800064086914,43.72800064086914,49023500,TSLA,44.93404,38.03200149536133,-5.6959991455078125,0.0
2014-04-25,40.400001525878906,41.34000015258789,39.529998779296875,39.970001220703125,39.970001220703125,34983500,TSLA,49.369995,38.3120002746582,-1.6580009460449219,0.0
2014-04-29,39.641998291015625,41.43000030517578,39.10599899291992,41.38399887084961,41.38399887084961,28895500,TSLA,44.688602,39.060001373291016,-2.3239974975585938,0.0
2014-04-30,40.720001220703125,41.63199996948242,40.25600051879883,41.577999114990234,41.577999114990234,22203000,TSLA,41.42363,39.88999938964844,0.0,1.6879997253417969
2014-05-20,39.38800048828125,39.86600112915039,38.61399841308594,39.060001373291016,39.060001373291016,27730500,TSLA,35.938972,40.89400100708008,0.0,-1.8339996337890625
2014-05-27,41.70399856567383,42.77399826049805,41.540000915527344,42.3120002746582,42.3120002746582,26705500,TSLA,40.665844,46.33399963378906,0.0,-4.021999359130859
2014-05-30,42.060001373291016,42.959999084472656,41.40399932861328,41.55400085449219,41.55400085449219,27905500,TSLA,41.778408,45.917999267578125,4.3639984130859375,0.0
2014-06-30,47.90999984741211,48.89799880981445,47.79999923706055,48.012001037597656,48.012001037597656,24143000,TSLA,46.340668,43.91600036621094,0.0,4.096000671386719
2014-07-11,44.12200164794922,44.31999969482422,43.52000045776367,43.625999450683594,43.625999450683594,16511500,TSLA,47.141663,46.65399932861328,3.0279998779296875,0.0
2014-07-15,45.34600067138672,45.529998779296875,43.619998931884766,43.91600036621094,43.91600036621094,28592500,TSLA,48.077843,47.698001861572266,3.782001495361328,0.0
2014-07-22,44.4379997253418,44.65999984741211,43.821998596191406,43.91600036621094,43.91600036621094,13650000,TSLA,47.034767,51.992000579833984,8.076000213623047,0.0
2014-07-30,44.38399887084961,45.91999816894531,44.20800018310547,45.784000396728516,45.784000396728516,24639000,TSLA,47.414463,51.141998291015625,5.357997894287109,0.0
2014-08-11,51.09600067138672,52.74800109863281,51.0,51.86399841308594,51.86399841308594,40506500,TSLA,50.92348,56.82400131225586,0.0,-4.960002899169922
2014-08-14,52.49800109863281,52.599998474121094,51.29999923706055,52.2760009765625,52.2760009765625,20633000,TSLA,51.44748,55.47800064086913,0.0,-3.2019996643066335
2014-08-15,52.29600143432617,52.417999267578125,51.70000076293945,52.402000427246094,52.402000427246094,19339500,TSLA,50.563457,56.422000885009766,0.0,-4.020000457763672
2014-08-19,51.77399826049805,51.86600112915039,50.32400131225586,51.35200119018555,51.35200119018555,26674000,TSLA,46.86227,56.220001220703125,0.0,-4.868000030517578
2014-08-27,52.70000076293945,52.847999572753906,52.05799865722656,52.650001525878906,52.650001525878906,14925500,TSLA,49.399086,52.763999938964844,0.0,-0.1139984130859375
2014-08-29,53.7400016784668,54.400001525878906,53.50199890136719,53.939998626708984,53.939998626708984,32235500,TSLA,51.45768,50.00600051879883,0.0,3.9339981079101562
2014-09-08,55.52399826049805,56.97600173950195,55.50400161743164,56.422000885009766,56.422000885009766,27508000,TSLA,58.949955,49.051998138427734,-7.370002746582031,0.0
2014-09-15,54.874000549316406,54.880001068115234,49.82600021362305,50.77199935913086,50.77199935913086,82277000,TSLA,54.05079,52.124000549316406,1.3520011901855469,0.0
2014-10-03,50.61199951171875,51.29999923706055,50.20600128173828,51.04199981689453,51.04199981689453,27031500,TSLA,49.457264,47.04800033569336,0.0,3.993999481201172
2014-10-08,52.02000045776367,52.57600021362305,50.52799987792969,51.85599899291992,51.85599899291992,25275500,TSLA,48.326286,47.619998931884766,0.0,4.236000061035156
2014-10-17,46.67599868774414,46.95399856567383,45.310001373291016,45.49599838256836,45.49599838256836,52747000,TSLA,43.83558,48.040000915527344,0.0,-2.5440025329589844
2014-11-03,48.599998474121094,49.512001037597656,48.263999938964844,48.518001556396484,48.518001556396484,21019000,TSLA,47.207535,49.34400177001953,0.0,-0.8260002136230469
2014-11-05,48.20000076293945,48.27199935913086,46.10599899291992,46.194000244140625,46.194000244140625,45229500,TSLA,45.505592,49.6879997253418,0.0,-3.493999481201172
2014-11-07,48.4379997253418,48.56800079345703,47.439998626708984,48.040000915527344,48.040000915527344,25805000,TSLA,47.84155,46.327999114990234,0.0,1.7120018005371094
2014-11-11,48.5099983215332,50.36399841308594,48.400001525878906,50.215999603271484,50.215999603271484,39744000,TSLA,49.554806,45.86000061035157,0.0,4.355998992919915
2014-11-18,51.172000885009766,51.99800109863281,51.10200119018555,51.540000915527344,51.540000915527344,22365000,TSLA,52.48467,41.96799850463867,-9.572002410888672,0.0
2014-11-19,50.12200164794922,50.375999450683594,49.119998931884766,49.54800033569336,49.54800033569336,39592500,TSLA,50.193783,41.7760009765625,-7.771999359130859,0.0
2014-11-24,49.040000915527344,49.52000045776367,48.12799835205078,49.34400177001953,49.34400177001953,23948500,TSLA,48.131367,39.5620002746582,0.0,9.782001495361328
2014-11-25,49.470001220703125,49.944000244140625,49.21799850463867,49.61800003051758,49.61800003051758,15799000,TSLA,49.21089,41.16400146484375,0.0,8.453998565673828
2014-12-04,45.720001220703125,46.18000030517578,45.5620002746582,45.65599822998047,45.65599822998047,19278000,TSLA,45.601097,45.56399917602539,0.0,0.09199905395507812
2014-12-09,41.86800003051758,43.54600143432617,40.854000091552734,43.37799835205078,43.37799835205078,47157500,TSLA,41.00809,44.481998443603516,0.0,-1.1040000915527344
2014-12-23,44.762001037597656,44.86399841308594,43.90399932861328,44.194000244140625,44.194000244140625,22528500,TSLA,41.816597,38.37400054931641,0.0,5.819999694824212
2015-01-02,44.57400131225586,44.650001525878906,42.652000427246094,43.86199951171875,43.86199951171875,23822000,TSLA,42.921703,41.310001373291016,0.0,2.5519981384277344
2015-01-05,42.90999984741211,43.29999923706055,41.43199920654297,42.018001556396484,42.018001556396484,26842500,TSLA,41.694935,41.19599914550781,0.0,0.8220024108886719
2015-01-06,42.012001037597656,42.84000015258789,40.84199905395508,42.25600051879883,42.25600051879883,31309500,TSLA,41.324883,39.874000549316406,0.0,2.381999969482422
2015-01-08,42.5620002746582,42.7599983215332,42.00199890136719,42.124000549316406,42.124000549316406,17212500,TSLA,42.790592,40.720001220703125,-1.4039993286132812,0.0
2015-01-09,41.784000396728516,41.99599838256836,40.992000579833984,41.332000732421875,41.332000732421875,23341500,TSLA,42.647816,42.187999725341804,0.855998992919929,0.0
2015-01-12,40.61000061035156,40.89400100708008,39.849998474121094,40.44200134277344,40.44200134277344,29751500,TSLA,41.681534,43.672000885009766,3.229999542236328,0.0
2015-01-27,40.88399887084961,41.60599899291992,40.65999984741211,41.19599914550781,41.19599914550781,13905000,TSLA,39.057777,40.891998291015625,0.0,0.3040008544921875
2015-02-02,40.79399871826172,42.38999938964844,40.65999984741211,42.1879997253418,42.1879997253418,20746000,TSLA,39.266518,40.821998596191406,0.0,1.3660011291503906
2015-02-18,40.83399963378906,41.23400115966797,40.52000045776367,40.891998291015625,40.891998291015625,13568000,TSLA,41.821487,38.74800109863281,-2.1439971923828125,0.0
2015-02-19,41.0,42.487998962402344,40.75,42.34199905395508,42.34199905395508,25770500,TSLA,41.630943,38.2140007019043,0.0,4.127998352050781
2015-02-23,43.13199996948242,43.63999938964844,41.26599884033203,41.46799850463867,41.46799850463867,42499000,TSLA,41.02865,39.13999938964844,0.0,2.3279991149902344
2015-02-25,40.987998962402344,41.428001403808594,40.51599884033203,40.75199890136719,40.75199890136719,19547500,TSLA,37.819546,40.141998291015625,0.0,0.6100006103515625
2015-03-04,39.849998474121094,40.50400161743164,39.44200134277344,40.487998962402344,40.487998962402344,21110000,TSLA,39.094147,38.86000061035156,0.0,1.6279983520507812
2015-03-06,39.84199905395508,40.150001525878906,38.43000030517578,38.7760009765625,38.7760009765625,33562000,TSLA,40.056637,37.0,-1.7760009765625,0.0
2015-03-16,38.400001525878906,39.18199920654297,37.959999084472656,39.13999938964844,39.13999938964844,28144000,TSLA,41.3202,40.650001525878906,1.5100021362304688,0.0
2015-03-18,38.992000579833984,40.17599868774414,38.62200164794922,40.141998291015625,40.141998291015625,24104500,TSLA,43.35029,42.018001556396484,1.8760032653808594,0.0
2015-03-20,39.4900016784668,39.79800033569336,39.124000549316406,39.61600112915039,39.61600112915039,21347500,TSLA,42.431965,41.95600128173829,2.3400001525878977,0.0
2015-03-31,38.70600128173828,38.75199890136719,37.68199920654297,37.75400161743164,37.75400161743164,25133000,TSLA,37.63732,43.88800048828125,0.0,-6.133998870849609
2015-04-07,40.50199890136719,41.012001037597656,40.22800064086914,40.650001525878906,40.650001525878906,21739500,TSLA,40.431843,46.09600067138672,0.0,-5.4459991455078125
2015-04-17,40.99800109863281,41.375999450683594,40.70000076293945,41.358001708984375,41.358001708984375,12349500,TSLA,43.044384,47.321998596191406,5.963996887207031,0.0
2015-04-21,41.15999984741211,42.150001525878906,40.86199951171875,41.88199996948242,41.88199996948242,17162500,TSLA,41.042824,48.948001861572266,0.0,-7.066001892089844
2015-04-27,44.512001037597656,47.75,44.400001525878906,46.310001373291016,46.310001373291016,58363000,TSLA,44.15027,49.75,0.0,-3.4399986267089844
2015-05-04,45.63600158691406,46.94599914550781,45.422000885009766,46.10200119018555,46.10200119018555,22173000,TSLA,46.348885,49.492000579833984,3.3899993896484375,0.0
2015-05-06,46.81999969482422,46.89400100708008,45.63999938964844,46.08599853515625,46.08599853515625,26354500,TSLA,46.954437,50.290000915527344,4.204002380371094,0.0
2015-05-18,49.400001525878906,49.97999954223633,49.20000076293945,49.75,49.75,16766000,TSLA,47.767487,51.20000076293945,0.0,-1.4500007629394531
2015-05-27,49.70199966430664,49.900001525878906,49.11000061035156,49.486000061035156,49.486000061035156,17041000,TSLA,49.09723,52.082000732421875,0.0,-2.5960006713867188
2015-06-01,50.28200149536133,50.31999969482422,49.49399948120117,49.88999938964844,49.88999938964844,12525500,TSLA,51.99256,51.95800018310547,2.0680007934570312,0.0
2015-06-05,49.20000076293945,49.939998626708984,49.13600158691406,49.827999114990234,49.827999114990234,15110000,TSLA,48.80218,53.41799926757812,0.0,-3.5900001525878835
2015-06-08,50.16999816894531,51.75,50.0620002746582,51.257999420166016,51.257999420166016,25085000,TSLA,48.4984,52.40399932861328,0.0,-1.1459999084472656
2015-06-09,51.08000183105469,51.54800033569336,50.827999114990234,51.20000076293945,51.20000076293945,13055500,TSLA,48.78451,53.652000427246094,0.0,-2.4519996643066406
2015-06-19,52.47999954223633,52.7599983215332,52.02000045776367,52.50199890136719,52.50199890136719,12315000,TSLA,48.908707,52.43199920654297,0.0,0.06999969482421875
2015-06-23,52.06399917602539,53.599998474121094,51.7140007019043,53.534000396728516,53.534000396728516,19354000,TSLA,48.70663,52.627998352050774,0.0,0.9060020446777415
2015-07-06,55.7760009765625,56.3380012512207,55.2599983215332,55.944000244140625,55.944000244140625,20609500,TSLA,49.42542,50.60200119018555,0.0,5.341999053955078
2015-07-07,55.0,55.040000915527344,52.15399932861328,53.57600021362305,53.57600021362305,30525500,TSLA,48.25951,52.9640007019043,0.0,0.61199951171875
2015-07-09,51.816001892089844,52.59000015258789,51.358001708984375,51.58399963378906,51.58399963378906,16670500,TSLA,46.443153,53.358001708984375,0.0,-1.7740020751953125
2015-07-13,52.45000076293945,52.5099983215332,51.209999084472656,52.43199920654297,52.43199920654297,14801500,TSLA,46.072895,51.99800109863281,0.0,0.43399810791015625
2015-07-14,52.41999816894531,53.198001861572266,52.10200119018555,53.130001068115234,53.130001068115234,9538000,TSLA,45.901188,53.256000518798835,0.0,-0.12599945068360086
2015-07-17,54.5,55.108001708984375,53.650001525878906,54.93199920654297,54.93199920654297,25020500,TSLA,45.98205,48.50199890136719,0.0,6.430000305175781
2015-07-28,51.150001525878906,53.08000183105469,50.36800003051758,52.9640007019043,52.9640007019043,19479000,TSLA,45.499138,52.14400100708008,0.0,0.8199996948242188
2015-08-03,53.257999420166016,53.34199905395508,51.41400146484375,51.99800109863281,51.99800109863281,12767500,TSLA,46.078358,43.77399826049805,0.0,8.224002838134766
2015-08-04,52.00199890136719,53.34400177001953,51.667999267578125,53.25600051879883,53.25600051879883,11762500,TSLA,45.781914,44.00600051879883,0.0,9.25
2015-08-05,52.715999603271484,54.20000076293945,52.08000183105469,54.0260009765625,54.0260009765625,31071500,TSLA,46.255814,44.96799850463867,0.0,9.058002471923828
2015-08-06,49.90800094604492,51.0,47.2239990234375,49.22600173950195,49.22600173950195,73119000,TSLA,45.038784,48.597999572753906,0.0,0.6280021667480469
2015-08-24,40.55799865722656,46.279998779296875,39.0,43.77399826049805,43.77399826049805,47908000,TSLA,41.19152,50.714000701904304,0.0,-6.940002441406257
2015-08-27,46.20000076293945,48.95000076293945,46.1619987487793,48.597999572753906,48.597999572753906,38280000,TSLA,43.813,52.124000549316406,0.0,-3.5260009765625
2015-09-02,49.060001373291016,49.57600021362305,47.95600128173828,49.53799819946289,49.53799819946289,23146000,TSLA,47.24594,52.624000549316406,0.0,-3.0860023498535156
2015-09-23,52.38999938964844,52.41600036621094,51.51599884033203,52.21200180053711,52.21200180053711,13004000,TSLA,50.942795,43.375999450683594,0.0,8.836002349853516
2015-10-05,49.768001556396484,49.96799850463867,48.82600021362305,49.22999954223633,49.22999954223633,18449500,TSLA,46.65023,43.051998138427734,0.0,6.178001403808594
2015-10-12,44.597999572753906,44.599998474121094,43.05400085449219,43.11600112915039,43.11600112915039,19181500,TSLA,43.211636,42.757999420166016,-0.358001708984375,0.0
2015-10-20,45.54399871826172,45.720001220703125,40.400001525878906,42.60599899291992,42.60599899291992,74500000,TSLA,39.58023,43.29999923706054,0.0,-0.6940002441406179
2015-10-23,43.0,43.06999969482422,41.53799819946289,41.81800079345703,41.81800079345703,21177500,TSLA,41.976692,41.43799972534179,-0.3800010681152415,0.0
2015-11-04,45.400001525878906,46.54800033569336,45.040000915527344,46.32600021362305,46.32600021362305,63632000,TSLA,40.40527,45.928001403808594,0.0,0.3979988098144531
2015-11-17,43.040000915527344,43.20000076293945,42.279998779296875,42.79999923706055,42.79999923706055,10743500,TSLA,39.99747,44.90399932861328,0.0,-2.1040000915527344
2015-11-19,44.108001708984375,45.237998962402344,44.060001373291016,44.36000061035156,44.36000061035156,12522000,TSLA,39.883003,43.40399932861328,0.0,0.9560012817382812
2015-11-27,46.21200180053711,46.45000076293945,45.402000427246094,46.321998596191406,46.321998596191406,9747000,TSLA,42.34038,46.09199905395507,0.0,0.22999954223633523
2015-12-09,45.34000015258789,45.5,44.14400100708008,44.90399932861328,44.90399932861328,15289000,TSLA,43.46187,48.00199890136719,0.0,-3.0979995727539062
2015-12-22,46.99800109863281,47.310001373291016,45.92599868774414,45.9900016784668,45.9900016784668,9807500,TSLA,42.957024,41.236000061035156,0.0,4.754001617431641
2015-12-24,46.11199951171875,46.375999450683594,45.65599822998047,46.11399841308594,46.11399841308594,3540000,TSLA,43.605724,40.944000244140625,0.0,5.1699981689453125
2015-12-30,47.31999969482422,48.72600173950195,47.13399887084961,47.61800003051758,47.61800003051758,18489500,TSLA,42.362904,40.5099983215332,0.0,7.108001708984375
2015-12-31,47.70199966430664,48.689998626708984,47.67399978637695,48.00199890136719,48.00199890136719,13575000,TSLA,42.913525,39.2760009765625,0.0,8.725997924804688
2016-01-06,44.0,44.0099983215332,43.19599914550781,43.80799865722656,43.80799865722656,18895500,TSLA,39.45396,37.939998626708984,0.0,5.868000030517578
2016-01-12,42.31999969482422,42.74800109863281,41.0620002746582,41.99399948120117,41.99399948120117,15459500,TSLA,34.11411,34.69599914550781,0.0,7.298000335693359
2016-01-13,42.402000427246094,42.529998779296875,40.0,40.0620002746582,40.0620002746582,20632000,TSLA,34.881367,35.066001892089844,0.0,4.995998382568359
2016-01-19,41.742000579833984,42.09400177001953,40.15599822998047,40.944000244140625,40.944000244140625,20193500,TSLA,38.548252,29.649999618530273,0.0,11.294000625610352
2016-01-26,39.34000015258789,39.56399917602539,37.7760009765625,38.71200180053711,38.71200180053711,24821000,TSLA,35.816425,33.736000061035156,0.0,4.976001739501953
2016-02-03,36.71799850463867,36.78799819946289,34.0359992980957,34.69599914550781,34.69599914550781,39657000,TSLA,33.393677,37.486000061035156,0.0,-2.7900009155273438
2016-02-05,34.2599983215332,34.599998474121094,31.54800033569336,32.52000045776367,32.52000045776367,47188000,TSLA,33.55199,38.38600158691406,5.866001129150391,0.0
2016-02-25,35.72999954223633,37.70399856567383,35.040000915527344,37.486000061035156,37.486000061035156,28753500,TSLA,36.187912,45.2760009765625,0.0,-7.790000915527344
2016-03-01,38.849998474121094,39.189998626708984,36.540000915527344,37.27000045776367,37.27000045776367,33561000,TSLA,40.092216,46.847999572753906,9.577999114990234,0.0
2016-03-02,36.74599838256836,37.70399856567383,36.29999923706055,37.667999267578125,37.667999267578125,24312000,TSLA,39.897938,44.51599884033203,6.847999572753906,0.0
2016-03-15,42.854000091552734,43.79399871826172,42.29999923706055,43.667999267578125,43.667999267578125,15902500,TSLA,46.45918,53.08399963378906,9.416000366210938,0.0
2016-03-29,45.97800064086914,46.47600173950195,45.066001892089844,46.0260009765625,46.0260009765625,20071500,TSLA,45.895405,49.47399902343751,0.0,-3.447998046875007
2016-04-05,48.099998474121094,51.3120002746582,48.0,51.09400177001953,51.09400177001953,49743500,TSLA,50.15734,50.74800109863281,0.0,0.34600067138671875
2016-04-07,53.290000915527344,53.86800003051758,50.902000427246094,51.439998626708984,51.439998626708984,44281000,TSLA,51.877304,49.54199981689453,-1.8979988098144531,0.0
2016-04-18,50.44599914550781,51.6619987487793,50.332000732421875,50.7760009765625,50.7760009765625,21357000,TSLA,46.10673,41.784000396728516,0.0,8.992000579833984
2016-04-21,49.79800033569336,50.18000030517578,49.38199996948242,49.65800094604492,49.65800094604492,13915500,TSLA,43.978973,41.45600128173829,0.0,8.201999664306634
2016-05-05,45.69200134277344,45.72800064086914,41.95800018310547,42.305999755859375,42.305999755859375,56274000,TSLA,46.664726,45.02399826049805,2.717998504638672,0.0
2016-05-06,42.17399978637695,43.27399826049805,41.62200164794922,42.986000061035156,42.986000061035156,28426000,TSLA,45.44814,44.60800170898438,1.6220016479492259,0.0
2016-05-12,42.28799819946289,42.33399963378906,40.731998443603516,41.45600128173828,41.45600128173828,18252500,TSLA,42.52817,43.79800033569336,2.341999053955078,0.0
2016-05-16,41.630001068115234,42.630001068115234,41.58399963378906,41.65800094604492,41.65800094604492,14747000,TSLA,42.35231,46.46799850463867,4.80999755859375,0.0
2016-05-17,41.810001373291016,41.9640007019043,40.80400085449219,40.93199920654297,40.93199920654297,14218000,TSLA,41.62135,47.104000091552734,6.172000885009766,0.0
2016-05-18,41.83000183105469,43.0620002746582,41.54999923706055,42.23400115966797,42.23400115966797,28087500,TSLA,41.61701,45.87200164794922,0.0,-3.63800048828125
2016-05-23,43.9739990234375,44.52000045776367,43.172000885009766,43.24399948120117,43.24399948120117,25512500,TSLA,43.69962,42.992000579833984,-0.2519989013671875,0.0
2016-05-24,43.31999969482422,43.74800109863281,43.0359992980957,43.582000732421875,43.582000732421875,15069000,TSLA,44.898823,43.540000915527344,-0.04199981689453125,0.0
2016-06-07,44.448001861572266,46.88800048828125,44.30400085449219,46.46799850463867,46.46799850463867,31068000,TSLA,40.548805,40.358001708984375,0.0,6.109996795654297
2016-06-17,43.5620002746582,43.99800109863281,42.900001525878906,43.09400177001953,43.09400177001953,15563000,TSLA,40.312107,44.95600128173828,0.0,-1.86199951171875
2016-07-05,41.94599914550781,42.90800094604492,41.599998474121094,42.79600143432617,42.79600143432617,25876500,TSLA,41.84949,45.902000427246094,0.0,-3.105998992919922
2016-07-08,43.560001373291016,43.96200180053711,42.900001525878906,43.35599899291992,43.35599899291992,20374000,TSLA,43.459732,46.95800018310547,3.602001190185547,0.0
2016-07-26,45.53799819946289,46.0,45.060001373291016,45.902000427246094,45.902000427246094,17150000,TSLA,45.338512,44.72200012207031,0.0,1.1800003051757812
2016-08-01,47.099998474121094,47.32600021362305,45.875999450683594,46.00199890136719,46.00199890136719,20081500,TSLA,46.27941,44.58599853515625,-1.4160003662109375,0.0
2016-08-09,45.36399841308594,46.30799865722656,45.33000183105469,45.816001892089844,45.816001892089844,11039000,TSLA,46.14192,42.268001556396484,-3.5480003356933594,0.0
2016-08-19,44.70800018310547,45.034000396728516,44.50600051879883,45.0,45.0,8297500,TSLA,45.68702,39.65999984741211,-5.340000152587891,0.0
2016-08-30,43.22200012207031,43.22200012207031,42.104000091552734,42.268001556396484,42.268001556396484,15844500,TSLA,38.44445,41.04399871826172,0.0,1.2240028381347656
2016-09-02,40.465999603271484,40.63999938964844,39.2400016784668,39.555999755859375,39.555999755859375,29887000,TSLA,33.209953,41.79800033569335,0.0,-2.2420005798339773
2016-09-08,39.90999984741211,39.97800064086914,39.27199935913086,39.47200012207031,39.47200012207031,16889500,TSLA,34.29469,40.13999938964844,0.0,-0.667999267578125
2016-09-13,39.4119987487793,39.698001861572266,38.689998626708984,39.209999084472656,39.209999084472656,17947000,TSLA,33.533592,42.28200149536133,0.0,-3.072002410888672
2016-09-19,41.400001525878906,41.88600158691406,41.0,41.268001556396484,41.268001556396484,11497500,TSLA,37.253002,40.189998626708984,0.0,1.0780029296875
2016-09-21,41.27399826049805,41.400001525878906,40.3120002746582,41.04399871826172,41.04399871826172,13167500,TSLA,37.21747,40.301998138427734,0.0,0.7420005798339844
2016-10-04,42.619998931884766,42.66400146484375,41.763999938964844,42.28200149536133,42.28200149536133,17707500,TSLA,39.54578,40.467998504638665,0.0,1.8140029907226634
2016-10-05,42.448001861572266,42.630001068115234,41.624000549316406,41.69200134277344,41.69200134277344,9387500,TSLA,39.919662,40.448001861572266,0.0,1.2439994812011719
2016-10-06,40.492000579833984,40.84199905395508,40.04199981689453,40.20000076293945,40.20000076293945,23517000,TSLA,39.061306,40.801998138427734,0.0,-0.6019973754882812
2016-10-18,39.198001861572266,39.89400100708008,38.652000427246094,39.81999969482422,39.81999969482422,28402500,TSLA,36.032604,38.987998962402344,0.0,0.832000732421875
2016-11-14,37.599998474121094,37.650001525878906,35.63800048828125,36.290000915527344,36.290000915527344,32761000,TSLA,38.122135,37.16999816894531,0.8799972534179688,0.0
2016-11-29,39.11199951171875,39.34600067138672,37.900001525878906,37.91400146484375,37.91400146484375,22196500,TSLA,39.38105,41.75799942016602,3.8439979553222727,0.0
2016-12-02,36.57600021362305,36.97600173950195,36.0,36.29399871826172,36.29399871826172,20211500,TSLA,37.863747,42.667999267578125,6.374000549316406,0.0
2016-12-06,37.104000091552734,37.316001892089844,36.5359992980957,37.16999816894531,37.16999816894531,16958000,TSLA,37.063457,43.94800186157226,0.0,-6.778003692626946
2016-12-07,37.22999954223633,38.68000030517578,37.0,38.630001068115234,38.630001068115234,27309500,TSLA,37.392223,42.93600082397461,0.0,-4.305999755859375
2016-12-16,39.61600112915039,40.518001556396484,39.52000045776367,40.49800109863281,40.49800109863281,18984500,TSLA,40.795704,45.9739990234375,5.4759979248046875,0.0
2016-12-30,43.2599983215332,43.5,42.33599853515625,42.737998962402344,42.737998962402344,23213000,TSLA,42.385983,50.922000885009766,0.0,-8.184001922607422
2017-01-24,50.0,50.959999084472656,49.93000030517578,50.922000885009766,50.922000885009766,24827500,TSLA,49.446907,56.19599914550781,0.0,-5.273998260498047
2017-02-02,49.667999267578125,50.48400115966797,49.54199981689453,50.310001373291016,50.310001373291016,12499000,TSLA,50.631496,51.400001525878906,1.0900001525878906,0.0
2017-02-03,50.38199996948242,50.43600082397461,49.93600082397461,50.26599884033203,50.26599884033203,10933500,TSLA,51.969784,49.24599838256836,-1.0200004577636719,0.0
2017-02-06,50.20000076293945,51.56399917602539,50.125999450683594,51.55400085449219,51.55400085449219,17812500,TSLA,53.084656,49.99800109863281,-1.555999755859375,0.0
2017-02-17,53.15999984741211,54.577999114990234,52.83000183105469,54.44599914550781,54.44599914550781,31285500,TSLA,53.82494,49.23400115966797,0.0,5.211997985839844
2017-02-22,56.0620002746582,56.689998626708984,54.52000045776367,54.70199966430664,54.70199966430664,43775000,TSLA,53.89239,51.145999908447266,0.0,3.555999755859375
2017-03-02,49.94200134277344,50.65599822998047,49.65399932861328,50.09600067138672,50.09600067138672,16759000,TSLA,49.13207,50.95600128173828,0.0,-0.8600006103515625
2017-03-06,49.582000732421875,50.34000015258789,49.50199890136719,50.242000579833984,50.242000579833984,16777500,TSLA,48.363953,54.04399871826172,0.0,-3.8019981384277344
2017-03-17,52.79999923706055,53.066001892089844,52.2400016784668,52.29999923706055,52.29999923706055,32487500,TSLA,50.642117,60.507999420166016,0.0,-8.208000183105469
2017-03-31,55.74599838256836,55.93600082397461,55.263999938964844,55.65999984741211,55.65999984741211,16473000,TSLA,53.658363,61.60599899291992,0.0,-5.9459991455078125
2017-04-04,59.37799835205078,60.96200180053711,58.90599822998047,60.7400016784668,60.7400016784668,50673000,TSLA,56.142834,62.034000396728516,0.0,-1.2939987182617188
2017-04-05,60.40800094604492,60.97600173950195,58.84000015258789,59.0,59.0,39404500,TSLA,57.25643,61.72600173950195,0.0,-2.726001739501953
2017-04-10,61.83000183105469,62.74599838256836,61.742000579833984,62.47800064086914,62.47800064086914,38322500,TSLA,59.508385,63.77799987792969,0.0,-1.2999992370605469
2017-04-19,60.492000579833984,61.32400131225586,60.422000885009766,61.104000091552734,61.104000091552734,19490000,TSLA,57.9612,65.04399871826172,0.0,-3.9399986267089844
2017-04-27,62.3380012512207,62.61800003051758,61.5,61.72600173950195,61.72600173950195,17343000,TSLA,63.985184,62.61199951171875,0.8859977722167969,0.0
2017-05-17,62.87799835205078,62.92599868774414,61.099998474121094,61.22200012207031,61.22200012207031,33559500,TSLA,61.29898,74.0,12.777999877929688,0.0
2017-05-18,61.400001525878906,62.78799819946289,61.0620002746582,62.61199951171875,62.61199951171875,28269000,TSLA,60.02007,71.46399688720703,0.0,-8.851997375488281
2017-05-25,62.20399856567383,63.39400100708008,61.5620002746582,63.36600112915039,63.36600112915039,25070000,TSLA,61.924267,74.27999877929688,0.0,-10.913997650146484
2017-06-01,68.80000305175781,68.97599792480469,67.45800018310547,68.0739974975586,68.0739974975586,38040000,TSLA,66.13391,76.52200317382812,0.0,-8.448005676269531
2017-06-02,67.9540023803711,68.57599639892578,67.18599700927734,67.97000122070312,67.97000122070312,27951000,TSLA,66.52157,76.69000244140625,0.0,-8.720001220703125
2017-06-07,71.26799774169922,72.0999984741211,71.02799987792969,71.93000030517578,71.93000030517578,46990000,TSLA,66.178116,74.24800109863281,0.0,-2.3180007934570312
2017-06-09,74.88400268554688,75.3740005493164,70.95999908447266,71.46399688720703,71.46399688720703,86307000,TSLA,69.36714,72.3219985961914,0.0,-0.858001708984375
2017-06-16,75.59600067138672,75.60199737548828,74.0199966430664,74.27999877929688,74.27999877929688,33655000,TSLA,76.72597,63.209999084472656,-11.069999694824219,0.0
2017-06-20,75.33399963378906,75.7760009765625,73.94599914550781,74.447998046875,74.447998046875,37193500,TSLA,76.17131,65.90399932861328,-8.543998718261719,0.0
2017-06-21,74.87000274658203,75.39800262451172,73.60399627685547,75.27999877929688,75.27999877929688,24616000,TSLA,74.786766,64.68199920654297,0.0,10.597999572753906
2017-07-07,62.70000076293945,63.400001525878906,61.47600173950195,62.64400100708008,62.64400100708008,70884500,TSLA,64.35808,67.01399993896484,4.369998931884766,0.0
2017-07-28,67.37799835205078,67.91999816894531,66.50199890136719,67.01399993896484,67.01399993896484,24402000,TSLA,68.96597,69.49199676513672,2.477996826171875,0.0
2017-08-04,69.4000015258789,71.4540023803711,68.66000366210938,71.38200378417969,71.38200378417969,46344500,TSLA,69.5608,69.61000061035156,0.0,1.772003173828125
2017-08-07,71.47000122070312,71.89600372314453,70.55000305175781,71.03399658203125,71.03399658203125,31622500,TSLA,70.29428,69.13200378417969,0.0,1.9019927978515625
2017-08-11,71.39399719238281,72.25199890136719,70.7239990234375,71.5739974975586,71.5739974975586,21829000,TSLA,69.1054,71.08000183105469,0.0,0.49399566650390625
2017-08-14,72.9260025024414,73.53199768066406,72.5199966430664,72.76000213623047,72.76000213623047,22596000,TSLA,71.36467,69.91799926757812,0.0,2.8420028686523438
2017-08-16,72.5999984741211,73.30000305175781,72.50399780273438,72.58200073242188,72.58200073242188,17069000,TSLA,71.92105,70.12200164794922,0.0,2.4599990844726562
2017-08-18,70.58200073242188,70.80000305175781,69.16000366210938,69.49199676513672,69.49199676513672,27041000,TSLA,66.901764,72.73799896240234,0.0,-3.246002197265625
2017-08-21,69.16400146484375,69.16400146484375,66.37000274658203,67.5719985961914,67.5719985961914,32477000,TSLA,66.03498,72.55000305175781,0.0,-4.978004455566406
2017-09-28,67.97599792480469,68.55000305175781,67.08000183105469,67.91999816894531,67.91999816894531,26598000,TSLA,64.98983,70.36199951171875,0.0,-2.4420013427734375
2017-10-02,68.50399780273438,68.73999786376953,67.10199737548828,68.30599975585938,68.30599975585938,26434000,TSLA,64.72518,67.40399932861328,0.0,0.9020004272460938
2017-10-04,70.25,71.7239990234375,69.91999816894531,71.00199890136719,71.00199890136719,40817500,TSLA,64.2688,65.16799926757812,0.0,5.8339996337890625
2017-10-10,69.36000061035156,71.1259994506836,69.10600280761719,71.11799621582031,71.11799621582031,34892500,TSLA,61.09367,66.30599975585938,0.0,4.8119964599609375
2017-10-12,70.58999633789062,71.95600128173828,70.52799987792969,71.13600158691406,71.13600158691406,20435000,TSLA,62.94303,59.85200119018555,0.0,11.284000396728516
2017-10-13,71.39600372314453,71.697998046875,70.73600006103516,71.11399841308594,71.11399841308594,17702500,TSLA,63.434002,61.21799850463867,0.0,9.895999908447266
2017-11-03,59.900001525878906,61.25,59.0260009765625,61.21799850463867,61.21799850463867,44470000,TSLA,57.929504,63.36199951171875,0.0,-2.144001007080078
2017-11-16,62.79800033569336,63.62799835205078,62.2599983215332,62.5,62.5,29110500,TSLA,53.79983,63.0260009765625,0.0,-0.5260009765625
2017-11-24,62.757999420166016,63.28200149536133,62.20000076293945,63.11000061035156,63.11000061035156,16220500,TSLA,62.51338,68.69000244140625,0.0,-5.5800018310546875
2017-11-27,62.650001525878906,63.46799850463867,61.902000427246094,63.36199951171875,63.36199951171875,22779500,TSLA,62.518295,67.77400207519531,0.0,-4.4120025634765625
2017-11-29,63.459999084472656,63.599998474121094,60.24599838256836,61.507999420166016,61.507999420166016,43837000,TSLA,61.52386,65.7959976196289,4.287998199462891,0.0
2017-12-22,65.9020004272461,66.18399810791016,64.96399688720703,65.04000091552734,65.04000091552734,21079000,TSLA,63.385826,69.43199920654297,0.0,-4.391998291015625
2017-12-26,64.76599884033203,64.78800201416016,63.316001892089844,63.45800018310547,63.45800018310547,21892000,TSLA,61.90957,68.91400146484375,0.0,-5.456001281738281
2018-01-10,66.44000244140625,67.4000015258789,66.0,66.95999908447266,66.95999908447266,21549500,TSLA,68.77317,69.8499984741211,2.8899993896484375,0.0
2018-01-17,68.09400177001953,69.80000305175781,67.94999694824219,69.43199920654297,69.43199920654297,35517500,TSLA,64.52558,69.0,0.0,0.43199920654296875
2018-03-02,65.39600372314453,67.04399871826172,64.59400177001953,67.02400207519531,67.02400207519531,25464000,TSLA,64.43914,60.30799865722656,0.0,6.71600341796875
2018-03-05,66.47799682617188,67.55000305175781,65.85800170898438,66.66999816894531,66.66999816894531,19119000,TSLA,65.15772,60.83599853515625,0.0,5.8339996337890625
2018-03-08,66.5719985961914,66.66000366210938,65.25399780273438,65.81999969482422,65.81999969482422,17831000,TSLA,61.992947,53.226001739501946,0.0,12.593997955322273
2018-03-09,64.81999969482422,65.697998046875,64.4739990234375,65.43399810791016,65.43399810791016,27534000,TSLA,60.936817,50.49599838256835,0.0,14.937999725341804
2018-03-14,67.35199737548828,67.96199798583984,64.78600311279297,65.32599639892578,65.32599639892578,39837000,TSLA,60.061188,61.14400100708008,0.0,4.181995391845703
2018-03-16,64.58599853515625,65.4800033569336,63.81399917602539,64.2699966430664,64.2699966430664,30586500,TSLA,57.01109,57.93199920654297,0.0,6.3379974365234375
2018-03-21,62.04999923706055,64.48799896240234,62.03799819946289,63.305999755859375,63.305999755859375,29792000,TSLA,55.049442,58.816001892089844,0.0,4.489997863769531
2018-04-24,57.0,57.417999267578125,55.69200134277344,56.69200134277344,56.69200134277344,28426500,TSLA,50.69274,56.83599853515625,0.0,-0.1439971923828125
2018-04-25,56.70000076293945,57.03200149536133,55.45000076293945,56.13800048828125,56.13800048828125,20068000,TSLA,49.658962,57.29600143432617,0.0,-1.1580009460449219
2018-04-27,57.07400131225586,58.89400100708008,56.76599884033203,58.816001892089844,58.816001892089844,21823000,TSLA,50.131886,55.36399841308594,0.0,3.4520034790039062
2018-05-01,58.70199966430664,60.16400146484375,58.64400100708008,59.98400115966797,59.98400115966797,23128000,TSLA,55.530346,55.00199890136719,0.0,4.982002258300781
2018-05-02,59.7140007019043,61.369998931884766,59.555999755859375,60.22999954223633,60.22999954223633,44852000,TSLA,57.341343,55.81399917602539,0.0,4.4160003662109375
2018-05-11,61.540000915527344,61.7760009765625,59.816001892089844,60.21200180053711,60.21200180053711,23398000,TSLA,59.866222,59.347999572753906,0.0,0.8640022277832031
2018-05-23,55.551998138427734,55.981998443603516,54.79999923706055,55.81399917602539,55.81399917602539,29925500,TSLA,61.33737,71.54399871826172,15.729999542236328,0.0
2018-05-30,56.65800094604492,59.00199890136719,56.31999969482422,58.34400177001953,58.34400177001953,37448500,TSLA,64.90945,72.44400024414062,14.099998474121094,0.0
2018-06-01,57.172000885009766,58.38999938964844,56.768001556396484,58.36399841308594,58.36399841308594,27122000,TSLA,69.82119,66.72599792480469,8.36199951171875,0.0
2018-06-08,63.79999923706055,64.89600372314453,63.43000030517578,63.53200149536133,63.53200149536133,41026000,TSLA,59.254856,68.58999633789062,0.0,-5.057994842529297
2018-06-12,68.94000244140625,70.99400329589844,67.5999984741211,68.55400085449219,68.55400085449219,111737000,TSLA,61.1841,62.172000885009766,0.0,6.381999969482422
2018-06-13,69.34200286865234,69.44000244140625,67.95999908447266,68.95600128173828,68.95600128173828,47349000,TSLA,64.867355,61.83200073242188,0.0,7.124000549316399
2018-06-15,70.76799774169922,72.93399810791016,70.25,71.63400268554688,71.63400268554688,54241500,TSLA,69.92108,63.70199966430664,0.0,7.932003021240234
2018-06-20,71.60800170898438,72.8759994506836,70.4000015258789,72.44400024414062,72.44400024414062,41918500,TSLA,74.71127,63.34199905395508,-9.102001190185547,0.0
2018-06-22,70.30799865722656,70.44999694824219,66.4000015258789,66.72599792480469,66.72599792480469,51330500,TSLA,71.44294,62.02000045776367,-4.705997467041016,0.0
2018-06-25,66.02400207519531,67.69400024414062,65.5,66.60199737548828,66.60199737548828,34656500,TSLA,68.57241,64.53800201416016,-2.063995361328125,0.0
2018-06-26,67.20999908447266,68.70999908447266,65.16000366210938,68.4000015258789,68.4000015258789,37262500,TSLA,67.80103,64.7699966430664,0.0,3.6300048828125
2018-06-27,69.0,70.15799713134766,67.9000015258789,68.9000015258789,68.9000015258789,41668500,TSLA,68.57706,64.0459976196289,0.0,4.85400390625
2018-07-02,72.01399993896484,72.95600128173828,65.97000122070312,67.01399993896484,67.01399993896484,93799000,TSLA,69.56677,59.486000061035156,-7.5279998779296875,0.0
2018-07-06,60.9900016784668,62.41400146484375,60.400001525878906,61.779998779296875,61.779998779296875,44327500,TSLA,70.81537,59.43600082397461,-2.3439979553222656,0.0
2018-07-10,64.91200256347656,65.53600311279297,63.84000015258789,64.49400329589844,64.49400329589844,47357500,TSLA,72.39112,59.62799835205078,-4.866004943847656,0.0
2018-07-12,64.28600311279297,64.64600372314453,62.55400085449219,63.34199905395508,63.34199905395508,28606000,TSLA,69.543465,69.90799713134766,6.565998077392578,0.0
2018-07-17,61.762001037597656,64.947998046875,61.70000076293945,64.53800201416016,64.53800201416016,34981000,TSLA,75.37949,75.91400146484375,11.375999450683594,0.0
2018-07-25,59.347999572753906,61.92399978637695,58.900001525878906,61.74800109863281,61.74800109863281,35377000,TSLA,65.42106,67.73799896240234,5.989997863769531,0.0
2018-07-26,60.970001220703125,62.13999938964844,60.72800064086914,61.33000183105469,61.33000183105469,23152500,TSLA,66.892586,67.08999633789062,5.7599945068359375,0.0
2018-07-30,59.18000030517578,59.220001220703125,57.22600173950195,58.034000396728516,58.034000396728516,34070500,TSLA,62.50685,61.6879997253418,3.6539993286132812,0.0
2018-07-31,58.45000076293945,59.66400146484375,57.81399917602539,59.62799835205078,59.62799835205078,25384500,TSLA,61.724514,64.37999725341797,4.7519989013671875,0.0
2018-08-09,73.11000061035156,73.4020004272461,69.14600372314453,70.48999786376953,70.48999786376953,85919000,TSLA,67.16902,60.630001068115234,0.0,9.859996795654297
2018-08-14,71.69000244140625,71.83999633789062,69.41999816894531,69.52799987792969,69.52799987792969,34932000,TSLA,64.95595,56.14799880981445,0.0,13.380001068115234
2018-08-22,64.17400360107422,64.7760009765625,62.933998107910156,64.3280029296875,64.3280029296875,29730000,TSLA,67.3833,57.89199829101562,-6.436004638671882,0.0
2018-08-27,63.599998474121094,64.48799896240234,61.762001037597656,63.854000091552734,63.854000091552734,65396500,TSLA,65.197495,56.992000579833984,-6.86199951171875,0.0
2018-09-06,56.959999084472656,58.23400115966797,55.7760009765625,56.189998626708984,56.189998626708984,37404000,TSLA,65.98806,61.50400161743164,5.314002990722656,0.0
2018-09-21,59.540000915527344,60.11600112915039,59.07400131225586,59.81999969482422,59.81999969482422,25252500,TSLA,51.55566,51.75600051879883,0.0,8.06399917602539
2018-10-03,60.66600036621094,60.91999816894531,58.31399917602539,58.959999084472656,58.959999084472656,39975000,TSLA,66.67039,57.700000762939446,-1.2599983215332102,0.0
2018-10-04,58.790000915527344,58.79999923706055,55.534000396728516,56.36600112915039,56.36600112915039,49071000,TSLA,65.21107,62.97200012207031,6.605998992919922,0.0
2018-10-09,51.04999923706055,53.354000091552734,50.65999984741211,52.560001373291016,52.560001373291016,60303000,TSLA,59.93967,65.9800033569336,13.420001983642578,0.0
2018-10-10,52.922000885009766,53.10200119018555,49.55400085449219,51.375999450683594,51.375999450683594,64076500,TSLA,56.249115,67.46399688720703,16.087997436523438,0.0
2018-10-15,51.8120002746582,52.65599822998047,50.90800094604492,51.917999267578125,51.917999267578125,31000000,TSLA,55.680626,68.27999877929688,16.36199951171875,0.0
2018-10-17,56.47999954223633,56.540000915527344,53.15999984741211,54.35599899291992,54.35599899291992,43277500,TSLA,55.873817,69.63200378417969,15.276004791259766,0.0
2018-10-19,53.47800064086914,53.93199920654297,50.70000076293945,52.0,52.0,46877500,TSLA,54.355755,70.10199737548828,18.10199737548828,0.0
2018-10-24,60.209999084472656,60.88800048828125,57.145999908447266,57.70000076293945,57.70000076293945,100291500,TSLA,56.799652,68.80000305175781,0.0,-11.10000228881836
2018-10-29,67.49400329589844,69.43199920654297,65.30000305175781,66.97000122070312,66.97000122070312,72430000,TSLA,65.99177,70.69400024414062,0.0,-3.7239990234375
2018-11-06,67.81400299072266,69.76000213623047,67.21800231933594,68.21199798583984,68.21199798583984,33814500,TSLA,69.510284,69.5739974975586,1.36199951171875,0.0
2018-11-12,69.67400360107422,69.95600128173828,66.06800079345703,66.25599670410156,66.25599670410156,34707500,TSLA,65.55693,71.94000244140625,0.0,-5.6840057373046875
2018-11-13,66.63200378417969,68.94000244140625,66.44000244140625,67.74600219726562,67.74600219726562,27243000,TSLA,65.68192,72.61199951171875,0.0,-4.865997314453125
2018-11-23,66.87000274658203,67.5,65.11000061035156,65.16600036621094,65.16600036621094,21013000,TSLA,76.655106,69.68399810791016,4.517997741699219,0.0
2018-12-11,73.98200225830078,74.43399810791016,72.0459976196289,73.35199737548828,73.35199737548828,31544000,TSLA,73.791405,60.071998596191406,-13.279998779296875,0.0
2018-12-17,72.4000015258789,73.13999938964844,68.7760009765625,69.68399810791016,69.68399810791016,38370000,TSLA,73.90432,67.70600128173828,-1.977996826171875,0.0
2018-12-19,67.5199966430664,69.4020004272461,65.947998046875,66.59400177001953,66.59400177001953,41371000,TSLA,71.120834,69.4520034790039,2.858001708984375,0.0
2018-12-20,65.41000366210938,66.05799865722656,62.374000549316406,63.07600021362305,63.07600021362305,45359500,TSLA,68.9981,66.87999725341797,3.803997039794922,0.0
2018-12-28,64.62000274658203,67.24800109863281,63.68199920654297,66.77400207519531,66.77400207519531,49695000,TSLA,65.62892,59.784000396728516,0.0,6.990001678466797
2019-01-08,68.39199829101562,68.802001953125,65.40399932861328,67.06999969482422,67.06999969482422,35042500,TSLA,60.97409,61.75400161743164,0.0,5.315998077392578
2019-01-11,68.41799926757812,69.68199920654297,67.75399780273438,69.4520034790039,69.4520034790039,25195500,TSLA,63.388634,62.577999114990234,0.0,6.874004364013672
2019-01-16,68.95600128173828,70.4000015258789,68.69999694824219,69.20999908447266,69.20999908447266,23458500,TSLA,63.243717,61.50199890136719,0.0,7.708000183105469
2019-01-25,58.87799835205078,59.70399856567383,57.90999984741211,59.40800094604492,59.40800094604492,36248000,TSLA,56.293736,61.57600021362305,0.0,-2.167999267578125
2019-02-01,61.08399963378906,63.220001220703125,60.70000076293945,62.44200134277344,62.44200134277344,36417000,TSLA,60.24291,59.75400161743164,0.0,2.687999725341797
2019-02-19,61.3120002746582,62.30799865722656,61.09400177001953,61.12799835205078,61.12799835205078,20842000,TSLA,59.614296,56.672000885009766,0.0,4.455997467041016
2019-02-20,60.88199996948242,61.2599983215332,59.79999923706055,60.512001037597656,60.512001037597656,35710500,TSLA,60.74785,57.79199981689453,-2.720001220703125,0.0
2019-02-27,60.35599899291992,63.2599983215332,60.11000061035156,62.948001861572266,62.948001861572266,55919500,TSLA,60.268738,54.720001220703125,0.0,8.22800064086914
2019-03-06,55.29600143432617,56.301998138427734,54.87799835205078,55.24800109863281,55.24800109863281,51677500,TSLA,52.908104,54.965999603271484,0.0,0.2820014953613281
2019-03-15,56.70199966430664,56.74399948120117,54.880001068115234,55.08599853515625,55.08599853515625,73927500,TSLA,50.55422,54.992000579833984,0.0,0.09399795532226562
2019-03-18,55.20000076293945,55.61000061035156,53.459999084472656,53.89799880981445,53.89799880981445,51405000,TSLA,51.61084,54.63999938964844,0.0,-0.7420005798339844
2019-03-26,52.88800048828125,54.051998138427734,52.88600158691406,53.55400085449219,53.55400085449219,36754500,TSLA,57.352184,54.672000885009766,1.1180000305175781,0.0
2019-03-29,55.7400016784668,56.03200149536133,54.900001525878906,55.97200012207031,55.97200012207031,29956500,TSLA,58.691166,52.54999923706055,-3.4220008850097656,0.0
2019-04-02,57.65999984741211,57.88800048828125,56.7760009765625,57.17599868774414,57.17599868774414,27394500,TSLA,54.962925,51.731998443603516,0.0,5.444000244140625
2019-04-05,53.97200012207031,55.220001220703125,53.22200012207031,54.992000579833984,54.992000579833984,65191500,TSLA,49.705433,48.29399871826171,0.0,6.698001861572273
2019-04-11,53.65999984741211,54.099998474121094,53.119998931884766,53.683998107910156,53.683998107910156,49179500,TSLA,48.340355,51.00600051879883,0.0,2.677997589111328
2019-04-22,53.79999923706055,53.93600082397461,52.49599838256836,52.54999923706055,52.54999923706055,60735500,TSLA,50.245186,45.402000427246094,0.0,7.147998809814453
2019-05-02,49.104000091552734,49.42599868774414,47.54399871826172,48.81999969482422,48.81999969482422,90796500,TSLA,49.837173,39.097999572753906,-9.722000122070312,0.0
2019-05-03,48.77199935913086,51.321998596191406,48.698001861572266,51.00600051879883,51.00600051879883,118534000,TSLA,52.746384,38.125999450683594,-12.880001068115234,0.0
2019-05-07,51.36000061035156,51.44200134277344,49.02000045776367,49.4119987487793,49.4119987487793,50657000,TSLA,55.168995,37.97200012207031,-11.439998626708984,0.0
2019-05-09,48.400001525878906,48.736000061035156,47.38800048828125,48.395999908447266,48.395999908447266,33557000,TSLA,49.888233,37.03200149536133,-11.363998413085938,0.0
2019-05-17,44.391998291015625,44.448001861572266,41.784000396728516,42.20600128173828,42.20600128173828,88933500,TSLA,40.533432,42.57600021362305,0.0,-0.3699989318847656
2019-05-21,39.551998138427734,41.47999954223633,39.20800018310547,41.01599884033203,41.01599884033203,90019500,TSLA,41.74969,41.85200119018555,0.8360023498535156,0.0
2019-05-22,39.81999969482422,40.78799819946289,38.35599899291992,38.54600143432617,38.54600143432617,93426000,TSLA,42.38122,42.78200149536133,4.236000061035156,0.0
2019-05-24,39.965999603271484,39.99599838256836,37.75,38.125999450683594,38.125999450683594,70683000,TSLA,40.024635,45.00600051879883,6.880001068115234,0.0
2019-06-05,39.736000061035156,40.25600051879883,38.369998931884766,39.31800079345703,39.31800079345703,67554000,TSLA,36.134315,43.854000091552734,0.0,-4.535999298095703
2019-06-06,40.88800048828125,42.20000076293945,40.36000061035156,41.189998626708984,41.189998626708984,101211000,TSLA,37.195805,44.56800079345703,0.0,-3.378002166748047
2019-06-24,44.64799880981445,45.172000885009766,44.20399856567383,44.72800064086914,44.72800064086914,28754000,TSLA,45.707584,50.47600173950195,5.7480010986328125,0.0
2019-06-25,44.87799835205078,45.06800079345703,43.89799880981445,43.95199966430664,43.95199966430664,30910500,TSLA,45.10196,50.97200012207031,7.020000457763672,0.0
2019-06-26,44.0620002746582,45.44599914550781,43.619998931884766,43.854000091552734,43.854000091552734,42536000,TSLA,44.175713,50.70800018310547,6.854000091552734,0.0
2019-07-02,45.77799987792969,45.83000183105469,44.444000244140625,44.90999984741211,44.90999984741211,46295000,TSLA,41.10873,52.97600173950195,0.0,-8.066001892089844
2019-07-03,47.87799835205078,48.31399917602539,46.902000427246094,46.97999954223633,46.97999954223633,71005500,TSLA,41.25614,45.763999938964844,0.0,1.2159996032714844
2019-07-11,47.62799835205078,48.29999923706055,47.15999984741211,47.720001220703125,47.720001220703125,37572000,TSLA,40.85644,46.77000045776367,0.0,0.9500007629394531
2019-07-16,49.86000061035156,50.70600128173828,49.58599853515625,50.47600173950195,50.47600173950195,40745000,TSLA,45.099674,46.1500015258789,0.0,4.326000213623054
2019-07-24,51.83399963378906,53.2140007019043,51.63199996948242,52.97600173950195,52.97600173950195,55364000,TSLA,51.907833,43.92399978637695,0.0,9.052001953125
2019-08-06,46.375999450683594,46.5,45.150001525878906,46.150001525878906,46.150001525878906,27821000,TSLA,45.165337,42.816001892089844,0.0,3.3339996337890625
2019-08-12,46.597999572753906,47.15399932861328,45.75,45.801998138427734,45.801998138427734,23319500,TSLA,42.206757,45.00199890136719,0.0,0.7999992370605469
2019-08-14,46.242000579833984,46.29999923706055,43.3380012512207,43.92399978637695,43.92399978637695,47813000,TSLA,41.07932,45.91600036621094,0.0,-1.9920005798339844
2019-08-16,43.332000732421875,44.448001861572266,43.20399856567383,43.987998962402344,43.987998962402344,25492500,TSLA,41.53205,46.358001708984375,0.0,-2.3700027465820312
2019-08-19,44.84199905395508,45.566001892089844,44.34000015258789,45.36600112915039,45.36600112915039,26548000,TSLA,43.149162,47.108001708984375,0.0,-1.7420005798339844
2019-08-20,45.52399826049805,45.81800079345703,44.90800094604492,45.172000885009766,45.172000885009766,20626000,TSLA,43.528557,49.41999816894531,0.0,-4.247997283935547
2019-08-21,44.402000427246094,44.64400100708008,43.52000045776367,44.16600036621094,44.16600036621094,38971500,TSLA,42.90371,49.173999786376946,0.0,-5.0079994201660085
2019-09-12,49.540000915527344,50.70000076293945,48.880001068115234,49.17399978637695,49.17399978637695,42906000,TSLA,45.898914,46.60599899291992,0.0,2.5680007934570312
2019-09-16,49.20000076293945,49.486000061035156,48.23400115966797,48.5620002746582,48.5620002746582,23640500,TSLA,47.215366,47.54399871826172,0.0,1.0180015563964844
2019-09-17,48.49399948120117,49.119998931884766,48.07400131225586,48.95800018310547,48.95800018310547,19327000,TSLA,47.21266,48.0099983215332,0.0,0.9480018615722656
2019-09-18,49.0,49.63399887084961,48.4739990234375,48.698001861572266,48.698001861572266,20851000,TSLA,47.509235,48.90599822998047,0.0,-0.20799636840820312
2019-09-26,46.13199996948242,48.6619987487793,45.47999954223633,48.512001037597656,48.512001037597656,59422500,TSLA,46.76205,52.39400100708008,0.0,-3.881999969482422
2019-10-03,46.37200164794922,46.895999908447266,44.85599899291992,46.60599899291992,46.60599899291992,75422500,TSLA,45.479973,59.93600082397461,0.0,-13.330001831054688
2019-10-10,49.055999755859375,49.85599899291992,48.316001892089844,48.948001861572266,48.948001861572266,31416500,TSLA,48.522488,62.98400115966796,0.0,-14.035999298095696
2019-10-18,52.13999938964844,52.560001373291016,51.02000045776367,51.38999938964844,51.38999938964844,28749000,TSLA,51.930546,67.4280014038086,16.038002014160156,0.0
2019-10-28,65.50800323486328,68.16799926757812,64.5199966430664,65.54199981689453,65.54199981689453,94351500,TSLA,69.460884,69.99800109863281,4.456001281738281,0.0
2019-11-13,71.0,71.26599884033203,69.03600311279297,69.22200012207031,69.22200012207031,42100500,TSLA,61.374325,66.0739974975586,0.0,3.1480026245117188
2019-11-19,70.3499984741211,71.99800109863281,69.55999755859375,71.90399932861328,71.90399932861328,38624000,TSLA,68.62934,70.54000091552734,0.0,1.3639984130859375
2019-11-29,66.22200012207031,66.25199890136719,65.5,65.98799896240234,65.98799896240234,12328000,TSLA,70.03704,81.11799621582031,15.129997253417969,0.0
2019-12-04,67.55000305175781,67.5719985961914,66.56999969482422,66.60600280761719,66.60600280761719,27665000,TSLA,75.052734,86.18800354003905,19.58200073242186,0.0
2019-12-11,70.3759994506836,71.43800354003906,70.21800231933594,70.54000091552734,70.54000091552734,34489000,TSLA,76.90795,88.60199737548827,18.061996459960923,0.0
2019-12-18,76.1259994506836,79.04399871826172,76.11599731445312,78.62999725341797,78.62999725341797,70605000,TSLA,85.109566,95.62999725341795,16.999999999999986,0.0
2019-12-30,85.75800323486328,85.80000305175781,81.85199737548828,82.94000244140625,82.94000244140625,62932000,TSLA,85.41597,113.91200256347655,30.9720001220703,0.0
2020-01-06,88.09400177001953,90.31199645996094,88.0,90.30799865722656,90.30799865722656,50665000,TSLA,92.22271,113.37999725341795,23.071998596191392,0.0
2020-01-09,99.41999816894531,99.76000213623047,94.5739974975586,96.26799774169922,96.26799774169922,142202000,TSLA,123.963425,130.1139984130859,33.84600067138669,0.0
2020-01-13,98.69999694824219,105.1259994506836,98.4000015258789,104.97200012207031,104.97200012207031,132588000,TSLA,142.14272,177.41200256347656,72.44000244140625,0.0
2020-01-15,105.9520034790039,107.56800079345703,103.35800170898438,103.69999694824219,103.69999694824219,86844000,TSLA,152.73167,149.79200744628906,46.092010498046875,0.0
2020-01-23,112.8499984741211,116.4000015258789,111.12000274658203,114.44000244140625,114.44000244140625,98255000,TSLA,160.08163,160.8000030517578,46.36000061035156,0.0
2020-01-27,108.39800262451172,112.88800048828125,107.85600280761719,111.60399627685547,111.60399627685547,68040500,TSLA,177.58525,171.67999267578122,60.07599639892575,0.0
2020-01-31,128.0,130.60000610351562,126.50399780273438,130.11399841308594,130.11399841308594,78596500,TSLA,181.26482,166.75799560546875,36.64399719238281,0.0
2020-02-06,139.98399353027344,159.16600036621094,137.39999389648438,149.79200744628906,149.79200744628906,199404000,TSLA,130.32631,133.59800720214844,0.0,16.194000244140625
2020-02-18,168.32000732421875,172.0,166.4720001220703,171.67999267578125,171.67999267578125,81908500,TSLA,122.684105,129.06599426269528,0.0,42.613998413085966
2020-02-19,184.6999969482422,188.95599365234375,180.20399475097656,183.48399353027344,183.48399353027344,127115000,TSLA,114.736786,126.8460006713867,0.0,56.63799285888673
2020-03-05,144.75399780273438,149.14999389648438,143.61399841308594,144.9080047607422,144.9080047607422,54263500,TSLA,110.49775,105.63200378417969,0.0,39.2760009765625
2020-03-11,128.0399932861328,130.71600341796875,122.5999984741211,126.84600067138672,126.84600067138672,66612500,TSLA,98.78861,96.31199645996094,0.0,30.53400421142578
2020-03-13,119.0,121.51399993896484,100.4000015258789,109.3239974975586,109.3239974975586,113201500,TSLA,94.57579,96.00199890136717,0.0,13.32199859619142
2020-04-09,112.41799926757812,115.03600311279297,111.4219970703125,114.5999984741211,114.5999984741211,68250000,TSLA,145.99524,140.26400756835938,25.66400909423828,0.0
2020-04-16,143.38800048828125,151.88999938964844,141.343994140625,149.04200744628906,149.04200744628906,103289500,TSLA,155.06044,156.00799560546875,6.9659881591796875,0.0
2020-04-30,171.03799438476562,173.96400451660156,152.6999969482422,156.37600708007812,156.37600708007812,142359500,TSLA,165.60855,165.52000427246094,9.143997192382812,0.0
2020-05-06,155.3000030517578,157.9600067138672,152.2220001220703,156.51600646972656,156.51600646972656,55616000,TSLA,168.06725,161.16200256347656,4.64599609375,0.0
2020-05-14,156.0,160.6719970703125,152.8000030517578,160.66600036621094,160.66600036621094,68411000,TSLA,179.14148,177.1320037841797,16.46600341796875,0.0
2020-05-20,164.10000610351562,165.1999969482422,162.36000061035156,163.11199951171875,163.11199951171875,36546500,TSLA,203.20694,194.5679931640625,31.45599365234375,0.0
2020-05-21,163.1999969482422,166.5,159.1999969482422,165.52000427246094,165.52000427246094,61273000,TSLA,202.32047,187.05599975585938,21.535995483398438,0.0
2020-05-27,164.1719970703125,165.54200744628906,157.0,164.04600524902344,164.04600524902344,57747500,TSLA,201.08525,198.35800170898438,34.31199645996094,0.0
2020-06-08,183.8000030517578,190.0,181.83200073242188,189.98399353027344,189.98399353027344,70873500,TSLA,199.04501,201.86999511718753,11.886001586914091,0.0
2020-06-29,193.802001953125,202.0,189.70399475097656,201.8699951171875,201.8699951171875,45132000,TSLA,332.57004,313.6719970703125,111.802001953125,0.0
2020-06-30,201.3000030517578,217.53799438476562,200.74600219726562,215.96200561523438,215.96200561523438,84592500,TSLA,319.5876,318.46600341796875,102.50399780273438,0.0
2020-07-10,279.20001220703125,309.78399658203125,275.2019958496094,308.92999267578125,308.92999267578125,116688000,TSLA,300.79553,286.1520080566406,0.0,22.777984619140625
2020-07-22,319.79998779296875,325.28399658203125,312.3999938964844,318.46600341796875,318.46600341796875,70805500,TSLA,306.32568,310.9519958496094,0.0,7.514007568359375
2020-07-31,303.0,303.4100036621094,284.1960144042969,286.1520080566406,286.1520080566406,61041000,TSLA,385.2813,409.9960021972656,123.843994140625,0.0
2020-08-03,289.8399963378906,301.9620056152344,288.8760070800781,297.0,297.0,44046500,TSLA,389.64563,402.8399963378906,105.83999633789062,0.0
2020-08-06,298.1659851074219,303.4620056152344,295.4519958496094,297.9159851074219,297.9159851074219,29961500,TSLA,470.53708,447.75,149.83401489257812,0.0
2020-08-18,379.7980041503906,384.7799987792969,369.0220031738281,377.4179992675781,377.4179992675781,82372500,TSLA,355.43716,366.2799987792969,0.0,11.13800048828125
2020-08-24,425.2560119628906,425.79998779296875,385.5039978027344,402.8399963378906,402.8399963378906,100318000,TSLA,417.25406,449.760009765625,46.920013427734375,0.0
2020-09-04,402.80999755859375,428.0,372.0199890136719,418.32000732421875,418.32000732421875,110321900,TSLA,422.32535,421.20001220703125,2.8800048828125,0.0
2020-09-09,356.6000061035156,369.0,341.510009765625,366.2799987792969,366.2799987792969,79465800,TSLA,441.4657,429.010009765625,62.730010986328125,0.0
2020-09-22,429.6000061035156,437.760009765625,417.6000061035156,424.2300109863281,424.2300109863281,79580800,TSLA,455.3996,446.6499938964844,22.41998291015625,0.0
2020-09-24,363.79998779296875,399.5,351.29998779296875,387.7900085449219,387.7900085449219,96561100,TSLA,427.9696,448.8800048828125,61.089996337890625,0.0
2020-10-05,423.3500061035156,433.6400146484375,419.3299865722656,425.67999267578125,425.67999267578125,44722800,TSLA,426.20355,420.2799987792969,-5.399993896484375,0.0
2020-10-12,442.0,448.739990234375,438.5799865722656,442.29998779296875,442.29998779296875,38791100,TSLA,406.04184,400.510009765625,0.0,41.78997802734375
2020-10-20,431.75,431.75,419.04998779296875,421.94000244140625,421.94000244140625,31656300,TSLA,432.4218,410.3599853515625,-11.58001708984375,0.0
2020-10-23,421.8399963378906,422.8900146484375,407.3800048828125,420.6300048828125,420.6300048828125,33717000,TSLA,427.4148,408.49999999999994,-12.130004882812557,0.0
2020-11-12,415.04998779296875,423.0,409.5199890136719,411.760009765625,411.760009765625,19855100,TSLA,621.1099,599.0399780273438,187.27996826171875,0.0
2020-11-13,410.8500061035156,412.5299987792969,401.6600036621094,408.5,408.5,19771100,TSLA,635.3633,641.760009765625,233.260009765625,0.0
2020-11-25,550.0599975585938,574.0,545.3699951171875,574.0,574.0,48930200,TSLA,638.65875,655.9000244140625,81.9000244140625,0.0
2020-11-30,602.2100219726562,607.7999877929688,554.510009765625,567.5999755859375,567.5999755859375,63003100,TSLA,647.4713,649.8599853515625,82.260009765625,0.0
2020-12-10,574.3699951171875,627.75,566.3400268554688,627.0700073242188,627.0700073242188,67083200,TSLA,716.615,729.77001953125,102.70001220703125,0.0
2020-12-15,643.280029296875,646.9000244140625,623.7999877929688,633.25,633.25,45071500,TSLA,823.97327,816.0399780273438,182.78997802734375,0.0
2020-12-17,628.1900024414062,658.8200073242188,619.5,655.9000244140625,655.9000244140625,56270100,TSLA,851.9112,811.1900024414062,155.28997802734375,0.0
2020-12-18,668.9000244140625,695.0,628.5399780273438,695.0,695.0,222126200,TSLA,863.6036,849.4400024414062,154.44000244140625,0.0
2021-01-04,719.4600219726562,744.489990234375,717.1900024414062,729.77001953125,729.77001953125,48638200,TSLA,849.2557,883.0900268554689,153.32000732421886,0.0
2021-01-14,843.3900146484375,863.0,838.75,845.0,845.0,31266300,TSLA,847.7076,852.22998046875,7.22998046875,0.0
2021-01-20,858.739990234375,859.5,837.280029296875,850.4500122070312,850.4500122070312,25665900,TSLA,829.0356,804.8200073242188,0.0,45.6300048828125
2021-02-12,801.260009765625,817.3300170898438,785.3300170898438,816.1199951171875,816.1199951171875,23768300,TSLA,624.1099,563.0,0.0,253.1199951171875
2021-02-24,711.8499755859375,745.0,694.1699829101562,742.02001953125,742.02001953125,36767000,TSLA,659.375,701.8099975585938,0.0,40.21002197265625
2021-03-04,655.7999877929688,668.4500122070312,600.0,621.4400024414062,621.4400024414062,65919500,TSLA,621.6629,640.3900146484375,18.95001220703125,0.0
2021-03-05,626.0599975585938,627.8400268554688,539.489990234375,597.9500122070312,597.9500122070312,89396500,TSLA,599.843,618.7100219726562,20.760009765625,0.0
2021-03-08,600.5499877929688,620.1300048828125,558.7899780273438,563.0,563.0,51787000,TSLA,593.5908,611.2899780273438,48.28997802734375,0.0
2021-03-16,703.3499755859375,707.9199829101562,671.0,676.8800048828125,676.8800048828125,32195700,TSLA,690.6993,670.969970703125,-5.9100341796875,0.0
2021-03-31,646.6199951171875,672.0,641.1099853515625,667.9299926757812,667.9299926757812,33337300,TSLA,711.3584,719.6900024414062,51.760009765625,0.0
2021-04-05,707.7100219726562,708.1599731445312,684.7000122070312,691.0499877929688,691.0499877929688,41842800,TSLA,713.7532,738.2000122070312,47.1500244140625,0.0
2021-04-07,687.0,691.3800048828125,667.8400268554688,670.969970703125,670.969970703125,26309400,TSLA,692.68713,694.4000244140625,23.4300537109375,0.0
2021-04-15,743.0999755859375,743.6900024414062,721.3099975585938,738.8499755859375,738.8499755859375,27848900,TSLA,662.8358,663.5399780273438,0.0,75.30999755859375
2021-04-23,719.7999877929688,737.3599853515625,715.4600219726562,729.4000244140625,729.4000244140625,28370000,TSLA,573.58636,589.739990234375,0.0,139.6600341796875
2021-05-10,664.9000244140625,665.0499877929688,627.6099853515625,629.0399780273438,629.0399780273438,31392400,TSLA,614.73206,623.9000244140625,0.0,5.13995361328125
2021-05-13,601.5399780273438,606.4600219726562,559.6500244140625,571.6900024414062,571.6900024414062,44184900,TSLA,598.1424,599.0499877929688,27.3599853515625,0.0
2021-05-21,596.1099853515625,596.6799926757812,580.0,580.8800048828125,580.8800048828125,26030600,TSLA,612.4522,617.6900024414062,36.80999755859375,0.0
2021-06-01,627.7999877929688,633.7999877929688,620.5499877929688,623.9000244140625,623.9000244140625,18084900,TSLA,653.0677,623.7100219726564,-0.1900024414061363,0.0
2021-06-09,602.1699829101562,611.7899780273438,597.6300048828125,598.780029296875,598.780029296875,16584600,TSLA,664.96185,679.7000122070312,80.91998291015625,0.0
2021-06-24,674.989990234375,697.6199951171875,667.6099853515625,679.8200073242188,679.8200073242188,45982400,TSLA,650.89124,644.2199707031251,0.0,35.600036621093636
2021-07-12,662.2000122070312,687.239990234375,662.1599731445312,685.7000122070312,685.7000122070312,25927000,TSLA,690.5752,709.6699829101562,23.969970703125,0.0
2021-07-13,686.3200073242188,693.280029296875,666.2999877929688,668.5399780273438,668.5399780273438,20966100,TSLA,702.4284,709.739990234375,41.20001220703125,0.0
2021-07-22,656.4400024414062,662.1699829101562,644.5999755859375,649.260009765625,649.260009765625,15105700,TSLA,697.01166,722.25,72.989990234375,0.0
2021-07-29,649.7899780273438,683.6900024414062,648.7999877929688,677.3499755859375,677.3499755859375,30394600,TSLA,686.8152,673.469970703125,-3.8800048828125,0.0
2021-08-03,719.0,722.6500244140625,701.010009765625,709.739990234375,709.739990234375,21620300,TSLA,708.6682,708.489990234375,0.0,1.25
2021-08-18,669.75,695.77001953125,669.3499755859375,688.989990234375,688.989990234375,20349400,TSLA,738.585,754.8599853515625,65.8699951171875,0.0
2021-08-27,705.0,715.0,702.0999755859375,711.9199829101562,711.9199829101562,13762100,TSLA,756.8046,730.1699829101564,18.250000000000114,0.0
2021-09-01,734.0800170898438,741.989990234375,731.27001953125,734.0900268554688,734.0900268554688,13204300,TSLA,763.5573,753.6400146484375,19.54998779296875,0.0
2021-09-02,734.5,740.969970703125,730.5399780273438,732.3900146484375,732.3900146484375,12777300,TSLA,777.4276,774.3900146484375,42.0,0.0
2021-09-14,742.5700073242188,754.469970703125,736.4000244140625,744.489990234375,744.489990234375,18524900,TSLA,787.16785,780.5900268554688,36.10003662109375,0.0
2021-10-04,796.5,806.969970703125,776.1199951171875,781.530029296875,781.530029296875,30483300,TSLA,969.7323,1024.8599853515625,243.3299560546875,0.0
2021-10-13,810.469970703125,815.4099731445312,805.780029296875,811.0800170898438,811.0800170898438,14120100,TSLA,1199.4604,1213.8599853515625,402.77996826171875,0.0
2021-10-18,851.7899780273438,875.260009765625,851.469970703125,870.1099853515625,870.1099853515625,24207200,TSLA,1115.6309,1162.93994140625,292.8299560546875,0.0
2021-10-25,950.530029296875,1045.02001953125,944.2000122070312,1024.8599853515625,1024.8599853515625,62852100,TSLA,1031.5872,1013.3900146484376,-11.469970703124886,0.0
2021-11-02,1159.3599853515625,1208.5899658203125,1146.0,1172.0,1172.0,42737800,TSLA,1084.0339,1109.030029296875,0.0,62.969970703125
2021-11-22,1162.3299560546875,1201.949951171875,1132.4300537109375,1156.8699951171875,1156.8699951171875,33072500,TSLA,953.95667,958.510009765625,0.0,198.3599853515625
2021-11-23,1167.510009765625,1180.5,1062.699951171875,1109.030029296875,1109.030029296875,36171700,TSLA,947.95966,975.989990234375,0.0,133.0400390625
2021-12-02,1099.06005859375,1113.0,1056.6500244140625,1084.5999755859375,1084.5999755859375,24371600,TSLA,1060.4897,1067.0,0.0,17.5999755859375
