,open,high,low,close,adjclose,volume,ticker,adjclose_1,true_adjclose_1,buy_profit,sell_profit
2010-07-14,3.5880000591278076,4.03000020980835,3.552000045776367,3.9679999351501465,3.9679999351501465,20976000,TSLA,27.259924,3.9779999256134033,0.009999990463256836,0.0
2010-07-23,4.23799991607666,4.311999797821045,4.211999893188477,4.257999897003174,4.257999897003174,3268000,TSLA,27.763197,4.190000057220459,-0.06799983978271484,0.0
2010-07-27,4.182000160217285,4.236000061035156,4.052000045776367,4.110000133514404,4.110000133514404,3098500,TSLA,27.660355,4.144000053405762,0.03399991989135742,0.0
2010-08-10,3.930000066757202,3.930000066757202,3.7639999389648438,3.805999994277954,3.805999994277954,6406500,TSLA,27.378939,3.579999923706055,-0.22600007057189897,0.0
2010-08-12,3.559999942779541,3.5799999237060547,3.4779999256134033,3.5199999809265137,3.5199999809265137,3455000,TSLA,27.094763,3.6640000343322754,0.14400005340576172,0.0
2010-08-13,3.635999917984009,3.690000057220459,3.5320000648498535,3.6640000343322754,3.6640000343322754,3170000,TSLA,27.185598,3.75600004196167,0.09200000762939453,0.0
2010-08-17,3.7920000553131104,3.880000114440918,3.75600004196167,3.8299999237060547,3.8299999237060547,2239500,TSLA,27.360565,3.753999948501587,-0.07599997520446777,0.0
2010-08-31,3.931999921798706,3.9579999446868896,3.865999937057495,3.8959999084472656,3.8959999084472656,1005500,TSLA,27.455915,4.090000152587891,0.194000244140625,0.0
2010-09-09,4.199999809265137,4.210000038146973,4.138000011444092,4.142000198364258,4.142000198364258,1881000,TSLA,27.6917,4.033999919891357,-0.10800027847290039,0.0
2010-09-10,4.150000095367432,4.185999870300293,3.9519999027252197,4.033999919891357,4.033999919891357,1933000,TSLA,27.60486,4.144000053405762,0.1100001335144043,0.0
2010-09-21,4.177999973297119,4.309999942779541,4.133999824523926,4.1539998054504395,4.1539998054504395,3980000,TSLA,27.703138,3.9739999771118164,-0.17999982833862305,0.0
2010-10-13,4.127999782562256,4.170000076293945,4.072000026702881,4.107999801635742,4.107999801635742,1591000,TSLA,27.644575,4.150000095367432,0.04200029373168945,0.0
2010-10-14,4.199999809265137,4.205999851226807,4.079999923706055,4.150000095367432,4.150000095367432,1474000,TSLA,27.68075,4.107999801635742,-0.04200029373168945,0.0
2010-11-11,5.71999979019165,5.820000171661377,5.466000080108643,5.607999801635742,5.607999801635742,9726500,TSLA,29.025862,5.9679999351501465,0.3600001335144043,0.0
2010-11-17,6.039999961853027,6.150000095367432,5.7220001220703125,5.8979997634887695,5.8979997634887695,3750000,TSLA,29.327375,5.978000164031982,0.08000040054321289,0.0
2010-11-22,6.314000129699707,6.690000057220459,6.300000190734863,6.679999828338623,6.679999828338623,7648500,TSLA,29.822203,6.914000034332275,0.23400020599365234,0.0
2010-11-23,6.6579999923706055,7.136000156402588,6.438000202178955,6.914000034332275,6.914000034332275,7889000,TSLA,30.087513,7.093999862670898,0.17999982833862305,0.0
2010-12-14,6.058000087738037,6.078000068664551,5.552000045776367,5.705999851226807,5.705999851226807,8828500,TSLA,29.205235,5.920000076293945,0.21400022506713867,0.0
2010-12-15,5.734000205993652,5.99399995803833,5.705999851226807,5.920000076293945,5.920000076293945,3714500,TSLA,29.228403,6.1620001792907715,0.24200010299682617,0.0
2010-12-16,6.0,6.182000160217285,5.929999828338623,6.1620001792907715,6.1620001792907715,3950500,TSLA,29.439337,6.271999835968017,0.1099996566772452,0.0
2010-12-22,6.449999809265137,6.572000026702881,6.340000152587891,6.526000022888184,6.526000022888184,4166500,TSLA,29.810146,6.01800012588501,-0.5079998970031738,0.0
2010-12-27,5.604000091552734,5.716000080108643,5.01200008392334,5.110000133514404,5.110000133514404,46509500,TSLA,28.614397,5.2820000648498535,0.17199993133544922,0.0
2010-12-29,5.406000137329102,5.6020002365112305,5.300000190734863,5.546000003814697,5.546000003814697,16596000,TSLA,28.826254,5.300000190734863,-0.24599981307983398,0.0
2010-12-30,5.539999961853027,5.579999923706055,5.276000022888184,5.300000190734863,5.300000190734863,10205500,TSLA,28.809746,5.326000213623047,0.026000022888183594,0.0
2011-01-14,5.230000019073486,5.315999984741211,5.122000217437744,5.150000095367432,5.150000095367432,5960000,TSLA,28.627905,5.127999782562256,-0.02200031280517578,0.0
2011-01-24,4.705999851226807,4.961999893188477,4.645999908447266,4.8979997634887695,4.8979997634887695,8225500,TSLA,28.250927,4.935999870300293,0.03800010681152344,0.0
2011-02-02,4.831999778747559,4.835999965667725,4.734000205993652,4.788000106811523,4.788000106811523,2847500,TSLA,28.265373,4.72599983215332,-0.062000274658203125,0.0
2011-02-15,4.6020002365112305,4.633999824523926,4.51200008392334,4.567999839782715,4.567999839782715,4768500,TSLA,28.055075,4.946000099182129,0.37800025939941406,0.0
2011-02-18,4.665999889373779,4.697999954223633,4.5920000076293945,4.636000156402588,4.636000156402588,11853500,TSLA,28.08885,4.374000072479248,-0.26200008392333984,0.0
2011-03-02,4.763999938964844,4.855999946594238,4.745999813079834,4.803999900817871,4.803999900817871,3316500,TSLA,28.260466,4.872000217437744,0.06800031661987305,0.0
2011-03-04,4.895999908447266,4.998000144958496,4.75600004196167,4.989999771118164,4.989999771118164,7900500,TSLA,28.349136,4.98799991607666,-0.0019998550415039062,0.0
2011-03-11,4.769999980926514,4.849999904632568,4.705999851226807,4.814000129699707,4.814000129699707,4654000,TSLA,28.247372,4.650000095367432,-0.1640000343322754,0.0
2011-03-28,4.539999961853027,4.708000183105469,4.510000228881836,4.650000095367432,4.650000095367432,5290500,TSLA,28.076605,4.783999919891357,0.13399982452392578,0.0
2011-04-05,5.179999828338623,5.400000095367432,5.138000011444092,5.340000152587891,5.340000152587891,15904500,TSLA,28.64565,5.297999858856201,-0.04200029373168945,0.0
2011-04-19,5.052000045776367,5.052000045776367,4.929999828338623,5.0320000648498535,5.0320000648498535,2743500,TSLA,28.468523,5.150000095367432,0.11800003051757812,0.0
2011-05-04,5.355999946594238,5.400000095367432,5.150000095367432,5.3379998207092285,5.3379998207092285,5222500,TSLA,28.729633,5.288000106811523,-0.04999971389770508,0.0
2011-06-06,6.019999980926514,6.026000022888184,5.6519999504089355,5.739999771118164,5.739999771118164,11655500,TSLA,29.205307,5.673999786376952,-0.06599998474121183,0.0
2011-06-10,5.504000186920166,5.659999847412109,5.46999979019165,5.572000026702881,5.572000026702881,7833000,TSLA,28.943314,5.685999870300293,0.11399984359741211,0.0
2011-06-15,5.688000202178955,5.690000057220459,5.414000034332275,5.464000225067139,5.464000225067139,6725000,TSLA,28.954062,5.300000190734863,-0.1640000343322754,0.0
2011-06-16,5.533999919891357,5.599999904632568,5.1479997634887695,5.300000190734863,5.300000190734863,9211000,TSLA,28.78693,5.300000190734863,0.0,0.0
2011-06-17,5.374000072479248,5.539999961853027,5.228000164031982,5.300000190734863,5.300000190734863,8570000,TSLA,28.761063,5.2020001411438,-0.09800004959106356,0.0
2011-06-22,5.473999977111816,5.650000095367432,5.420000076293945,5.441999912261963,5.441999912261963,7378000,TSLA,28.89308,5.541999816894531,0.09999990463256836,0.0
2011-07-12,5.673999786376953,5.817999839782715,5.599999904632568,5.633999824523926,5.633999824523926,5227000,TSLA,29.07317,5.728000164031982,0.09400033950805664,0.0
2011-07-20,5.599999904632568,6.0879998207092285,5.559999942779541,5.73799991607666,5.73799991607666,15241500,TSLA,29.094687,5.739999771118164,0.0019998550415039062,0.0
2011-07-25,5.802000045776367,5.849999904632568,5.688000202178955,5.697999954223633,5.697999954223633,3366500,TSLA,29.152153,5.599999904632569,-0.09800004959106356,0.0
2011-07-26,5.6620001792907715,5.754000186920166,5.593999862670898,5.599999904632568,5.599999904632568,3803000,TSLA,29.052198,5.5279998779296875,-0.07200002670288086,0.0
2011-08-02,5.73799991607666,5.840000152587891,5.453999996185303,5.4679999351501465,5.4679999351501465,7747000,TSLA,29.005749,5.440000057220459,-0.0279998779296875,0.0
2011-08-03,5.5,5.565999984741211,5.26800012588501,5.440000057220459,5.440000057220459,8972500,TSLA,28.835476,4.949999809265137,-0.49000024795532227,0.0
2011-08-15,5.323999881744385,5.349999904632568,5.185999870300293,5.245999813079834,5.245999813079834,3693000,TSLA,28.704067,5.21999979019165,-0.026000022888183594,0.0
2011-08-19,4.771999835968018,4.843999862670898,4.400000095367432,4.460000038146973,4.460000038146973,6876500,TSLA,28.077787,4.389999866485596,-0.07000017166137695,0.0
2011-08-23,4.386000156402588,4.622000217437744,4.300000190734863,4.5920000076293945,4.5920000076293945,4345000,TSLA,27.964277,4.77400016784668,0.18200016021728516,0.0
2011-08-24,4.619999885559082,4.785999774932861,4.565999984741211,4.77400016784668,4.77400016784668,3421500,TSLA,28.163338,4.622000217437744,-0.15199995040893555,0.0
2011-08-26,4.541999816894531,4.789999961853027,4.414000034332275,4.745999813079834,4.745999813079834,3809000,TSLA,28.103256,4.941999912261964,0.1960000991821298,0.0
2011-09-12,4.5,4.6620001792907715,4.489999771118164,4.576000213623047,4.576000213623047,2833000,TSLA,28.045477,4.815999984741211,0.23999977111816406,0.0
2011-09-14,4.849999904632568,4.9679999351501465,4.757999897003174,4.868000030517578,4.868000030517578,4154000,TSLA,28.319458,4.964000225067139,0.09600019454956055,0.0
2011-09-23,5.0980000495910645,5.323999881744385,5.070000171661377,5.276000022888184,5.276000022888184,5782000,TSLA,28.621193,5.104000091552734,-0.17199993133544922,0.0
2011-09-28,5.199999809265137,5.300000190734863,4.9019999504089355,4.918000221252441,4.918000221252441,3616500,TSLA,28.519308,4.823999881744385,-0.09400033950805664,0.0
2011-10-05,4.806000232696533,5.168000221252441,4.670000076293945,5.073999881744385,5.073999881744385,6147500,TSLA,28.377598,5.392000198364258,0.31800031661987305,0.0
2011-10-13,5.526000022888184,5.693999767303467,5.48799991607666,5.5879998207092285,5.5879998207092285,5217500,TSLA,28.97533,5.610000133514403,0.022000312805174893,0.0
2011-10-24,5.573999881744385,5.7779998779296875,5.550000190734863,5.710000038146973,5.710000038146973,4703000,TSLA,29.051746,5.650000095367431,-0.059999942779541904,0.0
2011-10-28,5.699999809265137,6.0,5.6020002365112305,5.973999977111816,5.973999977111816,6320000,TSLA,29.199768,5.874000072479247,-0.09999990463256925,0.0
2011-11-14,6.599999904632568,6.708000183105469,6.52400016784668,6.644000053405762,6.644000053405762,6628500,TSLA,29.935246,6.785999774932861,0.1419997215270996,0.0
2011-11-17,6.900000095367432,6.980000019073486,6.638000011444092,6.736000061035156,6.736000061035156,6746500,TSLA,30.11083,6.519999980926514,-0.21600008010864258,0.0
2011-11-18,6.728000164031982,6.822000026702881,6.507999897003174,6.519999980926514,6.519999980926514,4514000,TSLA,29.963913,6.3520002365112305,-0.1679997444152832,0.0
2011-12-09,6.107999801635742,6.223999977111816,6.056000232696533,6.208000183105469,6.208000183105469,6197500,TSLA,29.503199,6.081999778747559,-0.12600040435791016,0.0
2011-12-14,5.900000095367432,5.935999870300293,5.599999904632568,5.705999851226807,5.705999851226807,5819500,TSLA,29.163149,5.723999977111816,0.018000125885009766,0.0
2011-12-23,5.599999904632568,5.599999904632568,5.504000186920166,5.579999923706055,5.579999923706055,2957000,TSLA,28.980627,5.714000225067139,0.13400030136108398,0.0
2011-12-27,5.5320000648498535,5.754000186920166,5.5279998779296875,5.714000225067139,5.714000225067139,3887500,TSLA,29.036642,5.702000141143799,-0.012000083923339844,0.0
2011-12-29,5.7179999351501465,5.868000030517578,5.710000038146973,5.745999813079834,5.745999813079834,2441000,TSLA,29.159758,5.711999893188477,-0.03399991989135742,0.0
2012-01-03,5.788000106811523,5.900000095367432,5.53000020980835,5.616000175476074,5.616000175476074,4640500,TSLA,29.097803,5.541999816894531,-0.07400035858154297,0.0
2012-01-09,5.400000095367432,5.498000144958496,5.223999977111816,5.449999809265137,5.449999809265137,4485000,TSLA,28.80988,5.52400016784668,0.07400035858154297,0.0
2012-01-10,5.48799991607666,5.552000045776367,5.449999809265137,5.52400016784668,5.52400016784668,3359000,TSLA,28.917658,5.645999908447266,0.12199974060058594,0.0
2012-01-13,5.679999828338623,5.699999809265137,4.5279998779296875,4.558000087738037,4.558000087738037,27502000,TSLA,28.44081,5.320000171661377,0.7620000839233398,0.0
2012-01-24,5.326000213623047,5.535999774932861,5.288000106811523,5.484000205993652,5.484000205993652,4290000,TSLA,28.827597,5.593999862670898,0.1099996566772461,0.0
2012-01-25,5.453999996185303,5.6020002365112305,5.409999847412109,5.593999862670898,5.593999862670898,3056000,TSLA,28.931103,5.788000106811523,0.194000244140625,0.0
2012-01-27,5.699999809265137,5.943999767303467,5.699999809265137,5.866000175476074,5.866000175476074,3742000,TSLA,29.19487,5.9140000343322745,0.047999858856200284,0.0
2012-01-31,5.980000019073486,6.0,5.77400016784668,5.814000129699707,5.814000129699707,4782000,TSLA,29.26708,5.915999889373779,0.10199975967407227,0.0
2012-02-01,5.814000129699707,5.940000057220459,5.800000190734863,5.915999889373779,5.915999889373779,2616000,TSLA,29.258762,6.050000190734863,0.13400030136108398,0.0
2012-02-16,6.699999809265137,6.9019999504089355,6.507999897003174,6.835999965667725,6.835999965667725,11098500,TSLA,30.025719,6.99399995803833,0.15799999237060547,0.0
2012-03-05,6.869999885559082,6.880000114440918,6.691999912261963,6.754000186920166,6.754000186920166,2335000,TSLA,30.117584,6.622000217437744,-0.13199996948242188,0.0
2012-03-15,7.056000232696533,7.0960001945495605,6.955999851226807,7.0,7.0,2858000,TSLA,30.327497,7.064000129699707,0.06400012969970703,0.0
2012-03-19,7.052000045776367,7.064000129699707,6.9079999923706055,6.995999813079834,6.995999813079834,5078000,TSLA,30.297081,6.992000102996826,-0.0039997100830078125,0.0
2012-03-20,6.995999813079834,7.039999961853027,6.914000034332275,6.992000102996826,6.992000102996826,2835000,TSLA,30.289988,7.03000020980835,0.03800010681152344,0.0
2012-03-21,6.98799991607666,7.059999942779541,6.920000076293945,7.03000020980835,7.03000020980835,3036000,TSLA,30.302778,6.880000114440918,-0.15000009536743164,0.0
2012-03-26,7.118000030517578,7.618000030517578,7.007999897003174,7.480000019073486,7.480000019073486,15702500,TSLA,30.53795,7.587999820709228,0.1079998016357413,0.0
2012-03-27,7.432000160217285,7.989999771118164,7.406000137329102,7.5879998207092285,7.5879998207092285,12696000,TSLA,30.823982,7.570000171661377,-0.017999649047851562,0.0
2012-04-04,7.053999900817871,7.0980000495910645,6.938000202178955,7.0,7.0,22409000,TSLA,30.243073,6.8959999084472665,-0.10400009155273349,0.0
2012-04-05,7.019999980926514,7.0879998207092285,6.881999969482422,6.895999908447266,6.895999908447266,7547000,TSLA,30.254826,6.630000114440918,-0.26599979400634766,0.0
2012-04-12,6.754000186920166,6.895999908447266,6.584000110626221,6.688000202178955,6.688000202178955,5169500,TSLA,30.042814,6.7179999351501465,0.029999732971191406,0.0
2012-04-13,6.788000106811523,6.808000087738037,6.570000171661377,6.7179999351501465,6.7179999351501465,3248000,TSLA,30.041737,6.449999809265137,-0.26800012588500977,0.0
2012-04-19,6.550000190734863,6.685999870300293,6.5,6.631999969482422,6.631999969482422,3874500,TSLA,29.922926,6.631999969482423,8.881784197001252e-16,0.0
2012-04-30,6.6539998054504395,6.671999931335449,6.515999794006348,6.625999927520752,6.625999927520752,2069500,TSLA,29.951767,6.75600004196167,0.13000011444091797,0.0
2012-05-03,6.7820000648498535,6.800000190734863,6.426000118255615,6.492000102996826,6.492000102996826,4206500,TSLA,29.945122,6.366000175476074,-0.12599992752075195,0.0
2012-05-09,6.059999942779541,6.1539998054504395,5.952000141143799,6.01200008392334,6.01200008392334,9739500,TSLA,29.389204,6.592000007629395,0.5799999237060556,0.0
2012-05-25,6.0320000648498535,6.081999778747559,5.840000152587891,5.961999893188477,5.961999893188477,3785000,TSLA,29.353266,6.3379998207092285,0.37599992752075195,0.0
2012-05-31,6.013999938964844,6.058000087738037,5.75,5.900000095367432,5.900000095367432,5593500,TSLA,29.2995,5.630000114440917,-0.26999998092651456,0.0
2012-06-01,5.705999851226807,5.831999778747559,5.552000045776367,5.630000114440918,5.630000114440918,4429000,TSLA,29.074257,5.576000213623048,-0.053999900817870206,0.0
2012-06-25,6.788000106811523,6.823999881744385,6.550000190734863,6.622000217437744,6.622000217437744,7492500,TSLA,29.998951,6.322000026702881,-0.3000001907348633,0.0
2012-07-03,6.119999885559082,6.199999809265137,6.079999923706055,6.131999969482422,6.131999969482422,4735000,TSLA,29.493637,6.245999813079834,0.11399984359741211,0.0
2012-07-06,6.197999954223633,6.3460001945495605,6.159999847412109,6.197999954223633,6.197999954223633,3922500,TSLA,29.582804,6.297999858856201,0.09999990463256836,0.0
2012-07-13,6.593999862670898,6.880000114440918,6.565999984741211,6.849999904632568,6.849999904632568,6524000,TSLA,30.034853,7.191999912261963,0.34200000762939453,0.0
2012-07-25,5.984000205993652,5.995999813079834,5.75,5.789999961853027,5.789999961853027,14211000,TSLA,29.215714,5.625999927520752,-0.1640000343322754,0.0
2012-07-30,5.9019999504089355,6.050000190734863,5.441999912261963,5.46999979019165,5.46999979019165,10326000,TSLA,29.076021,5.484000205993652,0.014000415802001953,0.0
2012-08-07,5.754000186920166,6.179999828338623,5.699999809265137,6.050000190734863,6.050000190734863,11936000,TSLA,29.271303,5.817999839782715,-0.23200035095214844,0.0
2012-08-10,5.861999988555908,5.98799991607666,5.861999988555908,5.98799991607666,5.98799991607666,3537000,TSLA,29.30827,6.234000205993653,0.24600028991699308,0.0
2012-08-28,5.679999828338623,5.875999927520752,5.599999904632568,5.73799991607666,5.73799991607666,7013500,TSLA,29.105616,5.682000160217285,-0.055999755859375,0.0
2012-08-31,5.7220001220703125,5.76800012588501,5.639999866485596,5.703999996185303,5.703999996185303,2699000,TSLA,29.10919,5.627999782562256,-0.07600021362304688,0.0
2012-09-05,5.6020002365112305,5.699999809265137,5.561999797821045,5.5879998207092285,5.5879998207092285,3196500,TSLA,29.019115,5.7100000381469735,0.12200021743774503,0.0
2012-09-14,6.0,6.130000114440918,5.929999828338623,6.078000068664551,6.078000068664551,7683000,TSLA,29.390566,6.507999897003174,0.42999982833862305,0.0
2012-09-17,6.46999979019165,6.556000232696533,6.302000045776367,6.507999897003174,6.507999897003174,16064000,TSLA,29.747377,6.268000125885009,-0.23999977111816495,0.0
2012-09-18,6.375999927520752,6.380000114440918,6.136000156402588,6.26800012588501,6.26800012588501,8942500,TSLA,29.617832,6.210000038146973,-0.05800008773803711,0.0
2012-09-25,5.723999977111816,5.895999908447266,5.50600004196167,5.5320000648498535,5.5320000648498535,28402000,TSLA,28.96238,5.507999897003174,-0.024000167846679688,0.0
2012-10-12,5.664000034332275,5.745999813079834,5.5,5.5279998779296875,5.5279998779296875,4938000,TSLA,29.0059,5.4660000801086435,-0.061999797821044034,0.0
2012-10-31,5.539999961853027,5.670000076293945,5.473999977111816,5.625999927520752,5.625999927520752,3876000,TSLA,28.984444,5.849999904632568,0.2239999771118164,0.0
2012-11-01,5.650000095367432,5.8979997634887695,5.639999866485596,5.849999904632568,5.849999904632568,5120500,TSLA,29.149439,5.7839999198913565,-0.06599998474121183,0.0
2012-11-05,5.960000038146973,6.315999984741211,5.866000175476074,6.300000190734863,6.300000190734863,10244500,TSLA,29.453737,6.230000019073486,-0.07000017166137695,0.0
2012-11-08,6.202000141143799,6.375999927520752,6.188000202178955,6.26200008392334,6.26200008392334,6370000,TSLA,29.60227,6.064000129699708,-0.19799995422363192,0.0
2012-11-20,6.559999942779541,6.619999885559082,6.381999969482422,6.599999904632568,6.599999904632568,4612500,TSLA,29.870516,6.49399995803833,-0.10599994659423828,0.0
2012-11-21,6.521999835968018,6.693999767303467,6.458000183105469,6.49399995803833,6.49399995803833,4816000,TSLA,29.871216,6.426000118255615,-0.06799983978271484,0.0
2012-11-23,6.519999980926514,6.565999984741211,6.340000152587891,6.426000118255615,6.426000118255615,2151500,TSLA,29.807943,6.453999996185303,0.0279998779296875,0.0
2012-11-28,6.400000095367432,6.857999801635742,6.381999969482422,6.645999908447266,6.645999908447266,7626000,TSLA,29.890862,6.73799991607666,0.09200000762939453,0.0
2012-12-06,6.763999938964844,6.960000038146973,6.699999809265137,6.78000020980835,6.78000020980835,3302000,TSLA,30.118036,6.834000110626221,0.053999900817871094,0.0
2012-12-19,6.949999809265137,7.052000045776367,6.9039998054504395,6.921999931335449,6.921999931335449,6494000,TSLA,30.247787,6.886000156402588,-0.03599977493286133,0.0
2012-12-28,6.676000118255615,6.730000019073486,6.604000091552734,6.644000053405762,6.644000053405762,2070500,TSLA,29.99525,6.77400016784668,0.13000011444091797,0.0
2013-01-17,6.831999778747559,6.96999979019165,6.783999919891357,6.875999927520752,6.875999927520752,7183500,TSLA,30.16116,6.9039998054504395,0.0279998779296875,0.0
2013-01-24,7.199999809265137,7.544000148773193,7.168000221252441,7.3979997634887695,7.3979997634887695,9852000,TSLA,30.57984,7.395999908447266,-0.0019998550415039062,0.0
2013-01-29,7.619999885559082,7.688000202178955,7.426000118255615,7.590000152587891,7.590000152587891,7133000,TSLA,30.821241,7.504000186920166,-0.08599996566772461,0.0
2013-02-04,7.679999828338623,7.684000015258789,7.51800012588501,7.547999858856201,7.547999858856201,5640000,TSLA,30.85094,7.625999927520752,0.07800006866455078,0.0
2013-02-14,7.728000164031982,7.75,7.642000198364258,7.6539998054504395,7.6539998054504395,4953500,TSLA,30.93472,7.4079999923706055,-0.24599981307983398,0.0
2013-02-15,7.699999809265137,7.702000141143799,7.389999866485596,7.4079999923706055,7.4079999923706055,10088000,TSLA,30.775934,7.855999946594238,0.4479999542236328,0.0
2013-03-04,6.953999996185303,7.165999889373779,6.940000057220459,7.116000175476074,7.116000175476074,8788500,TSLA,30.321346,7.329999923706055,0.21399974822998047,0.0
2013-03-05,7.199999809265137,7.383999824523926,7.1579999923706055,7.329999923706055,7.329999923706055,10435000,TSLA,30.521015,7.538000106811523,0.20800018310546875,0.0
2013-03-19,7.050000190734863,7.119999885559082,6.98799991607666,7.015999794006348,7.015999794006348,5492500,TSLA,30.331858,7.190000057220458,0.17400026321411044,0.0
2013-03-22,7.239999771118164,7.360000133514404,7.239999771118164,7.323999881744385,7.323999881744385,2201000,TSLA,30.577202,7.50600004196167,0.18200016021728516,0.0
2013-03-25,7.420000076293945,7.703999996185303,7.354000091552734,7.50600004196167,7.50600004196167,11894000,TSLA,30.725485,7.572000026702881,0.06599998474121094,0.0
2013-03-27,7.5879998207092285,7.676000118255615,7.461999893188477,7.631999969482422,7.631999969482422,6481500,TSLA,30.833302,7.578000068664551,-0.053999900817871094,0.0
2013-04-03,8.619999885559082,8.694000244140625,8.041999816894531,8.220000267028809,8.220000267028809,28218000,TSLA,31.48353,8.402000427246094,0.18200016021728516,0.0
2013-04-10,8.140000343322754,8.402000427246094,8.121999740600586,8.371999740600586,8.371999740600586,10605500,TSLA,31.43877,8.718000411987305,0.34600067138671875,0.0
2013-04-24,10.180000305175781,10.210000038146973,9.795999526977539,10.086000442504883,10.086000442504883,13150000,TSLA,33.095123,10.399999618530273,0.3139991760253906,0.0
2013-04-26,10.62600040435791,10.748000144958496,10.12399959564209,10.239999771118164,10.239999771118164,18110500,TSLA,33.410458,10.98799991607666,0.7480001449584961,0.0
2013-05-20,18.224000930786133,18.5,17.72599983215332,17.988000869750977,17.988000869750977,41742000,TSLA,40.435272,17.51799964904785,-0.470001220703125,0.0
2013-05-21,17.700000762939453,17.99799919128418,17.055999755859375,17.51799964904785,17.51799964904785,44991000,TSLA,39.923737,17.447999954223633,-0.06999969482421875,0.0
2013-06-05,18.73200035095215,19.5939998626709,17.82200050354004,19.073999404907227,19.073999404907227,61124000,TSLA,41.032135,19.469999313354492,0.3959999084472656,0.0
2013-06-06,19.049999237060547,19.854000091552734,19.02199935913086,19.469999313354492,19.469999313354492,47554500,TSLA,41.578373,20.40800094604492,0.9380016326904261,0.0
2013-06-11,19.63599967956543,19.736000061035156,18.809999465942383,18.893999099731445,18.893999099731445,36970000,TSLA,41.515297,19.54599952697754,0.6520004272460938,0.0
2013-06-12,19.360000610351562,20.09600067138672,19.149999618530273,19.54599952697754,19.54599952697754,45963500,TSLA,41.753838,19.63599967956543,0.09000015258789062,0.0
2013-06-17,20.719999313354492,20.950000762939453,20.239999771118164,20.440000534057617,20.440000534057617,35331000,TSLA,42.749973,20.67799949645996,0.23799896240234375,0.0
2013-06-19,20.41200065612793,21.333999633789062,20.402000427246094,20.93600082397461,20.93600082397461,42894500,TSLA,42.910984,20.1299991607666,-0.8060016632080078,0.0
2013-06-26,20.760000228881836,21.173999786376953,20.531999588012695,21.143999099731445,21.143999099731445,33013000,TSLA,43.05967,21.850000381469727,0.7060012817382812,0.0
2013-06-27,21.350000381469727,22.049999237060547,21.22599983215332,21.850000381469727,21.850000381469727,43724500,TSLA,43.692303,21.472000122070312,-0.37800025939941406,0.0
2013-07-01,21.871999740600586,23.554000854492188,21.829999923706055,23.43600082397461,23.43600082397461,54518000,TSLA,44.65466,23.56399917602539,0.12799835205078125,0.0
2013-07-03,23.600000381469727,23.850000381469727,22.854000091552734,23.04800033569336,23.04800033569336,24033500,TSLA,45.331093,24.01799964904785,0.9699993133544922,0.0
2013-07-12,25.100000381469727,25.988000869750977,24.902000427246094,25.979999542236328,25.979999542236328,56720000,TSLA,47.249546,25.45199966430664,-0.5279998779296875,0.0
2013-07-18,24.194000244140625,24.54599952697754,23.236000061035156,23.805999755859375,23.805999755859375,56990500,TSLA,45.79346,23.93600082397461,0.13000106811523438,0.0
2013-08-13,29.899999618530273,29.968000411987305,28.889999389648438,29.086000442504883,29.086000442504883,43744500,TSLA,50.93428,27.871999740600586,-1.2140007019042969,0.0
2013-08-14,28.54400062561035,28.968000411987305,27.610000610351562,27.871999740600586,27.871999740600586,58469000,TSLA,49.773968,27.934000015258793,0.06200027465820668,0.0
2013-08-16,28.326000213623047,28.781999588012695,28.194000244140625,28.399999618530273,28.399999618530273,35540500,TSLA,50.01742,28.979999542236328,0.5799999237060547,0.0
2013-08-21,30.0,30.062000274658203,29.25,29.57200050354004,29.57200050354004,31331500,TSLA,51.220253,31.420000076293945,1.8479995727539062,0.0
2013-08-27,32.459999084472656,33.7599983215332,32.189998626708984,33.402000427246094,33.402000427246094,87834500,TSLA,54.102394,33.290000915527344,-0.11199951171875,0.0
2013-08-28,33.8120002746582,34.29999923706055,32.650001525878906,33.290000915527344,33.290000915527344,73700500,TSLA,54.62068,33.21200180053711,-0.07799911499023438,0.0
2013-08-29,32.84400177001953,33.54999923706055,32.50199890136719,33.21200180053711,33.21200180053711,47180000,TSLA,54.250225,33.79999923706055,0.5879974365234375,0.0
2013-09-12,32.79999923706055,33.35200119018555,32.10200119018555,32.986000061035156,32.986000061035156,30800000,TSLA,54.09391,33.108001708984375,0.12200164794921875,0.0
2013-10-11,34.54999923706055,35.858001708984375,34.2400016784668,35.7400016784668,35.7400016784668,41555500,TSLA,56.197285,35.944000244140625,0.20399856567382812,0.0
2013-10-15,37.055999755859375,37.757999420166016,36.63600158691406,36.78799819946289,36.78799819946289,54892500,TSLA,57.959908,36.71200180053711,-0.07599639892578125,0.0
2013-10-16,36.97999954223633,37.459999084472656,36.417999267578125,36.71200180053711,36.71200180053711,41027000,TSLA,57.841442,36.560001373291016,-0.15200042724609375,0.0
2013-10-30,32.92599868774414,33.5359992980957,31.634000778198242,31.8439998626709,31.8439998626709,42009000,TSLA,53.738464,31.988000869750977,0.14400100708007812,0.0
2013-11-05,36.0,36.2859992980957,34.27199935913086,35.36199951171875,35.36199951171875,112335500,TSLA,56.38544,30.23200035095215,-5.129999160766602,0.0
2013-11-21,24.577999114990234,24.95800018310547,24.049999237060547,24.420000076293945,24.420000076293945,59519000,TSLA,46.307858,24.275999069213867,-0.14400100708007812,0.0
2013-11-29,25.95400047302246,26.118000030517578,25.395999908447266,25.45599937438965,25.45599937438965,48581000,TSLA,47.471054,24.833999633789062,-0.6219997406005859,0.0
2013-12-04,28.86400032043457,28.88599967956543,27.426000595092773,27.790000915527344,27.790000915527344,65738500,TSLA,49.740917,28.09600067138672,0.305999755859375,0.0
2013-12-09,27.399999618530273,28.34000015258789,26.841999053955078,28.31999969482422,28.31999969482422,45307500,TSLA,49.348225,28.437999725341797,0.11800003051757812,0.0
2013-12-23,28.969999313354492,29.24799919128418,28.520000457763672,28.709999084472656,28.709999084472656,26927500,TSLA,50.443756,30.281999588012695,1.572000503540039,0.0
2013-12-26,31.007999420166016,31.600000381469727,30.857999801635742,31.100000381469727,31.100000381469727,35647500,TSLA,52.534416,30.224000930786133,-0.8759994506835938,0.0
2014-01-21,34.24800109863281,35.45800018310547,34.1619987487793,35.33599853515625,35.33599853515625,48673500,TSLA,55.90258,35.71200180053711,0.3760032653808594,0.0
2014-01-24,35.56999969482422,36.09600067138672,34.70600128173828,34.91999816894531,34.91999816894531,38321500,TSLA,56.387993,33.92399978637695,-0.9959983825683594,0.0
2014-01-27,35.03200149536133,35.58399963378906,32.94200134277344,33.92399978637695,33.92399978637695,43582000,TSLA,55.47609,35.67599868774414,1.7519989013671875,0.0
2014-02-04,36.13999938964844,36.31999969482422,35.2400016784668,35.74599838256836,35.74599838256836,23431500,TSLA,56.937622,34.88399887084961,-0.86199951171875,0.0
2014-02-10,37.86800003051758,39.86000061035156,37.86399841308594,39.3120002746582,39.3120002746582,64853500,TSLA,59.50923,39.32400131225587,0.012001037597663355,0.0
2014-02-18,41.04800033569336,41.20000076293945,40.27199935913086,40.7400016784668,40.7400016784668,46664000,TSLA,61.459824,38.72800064086914,-2.0120010375976562,0.0
2014-02-19,40.7400016784668,40.7400016784668,38.68199920654297,38.72800064086914,38.72800064086914,80845000,TSLA,60.340675,41.99399948120117,3.2659988403320312,0.0
2014-03-03,47.45199966430664,50.33000183105469,46.99800109863281,50.11199951171875,50.11199951171875,65446500,TSLA,68.79702,50.96799850463867,0.8559989929199219,0.0
2014-03-06,50.827999114990234,51.5,49.88999938964844,50.5880012512207,50.5880012512207,36805500,TSLA,70.66004,49.242000579833984,-1.3460006713867188,0.0
2014-03-11,47.29999923706055,48.91999816894531,46.486000061035156,46.88199996948242,46.88199996948242,44050500,TSLA,67.57479,48.29800033569336,1.4160003662109375,0.0
2014-03-17,46.9900016784668,47.58599853515625,46.099998474121094,46.79600143432617,46.79600143432617,29563000,TSLA,67.126526,48.007999420166016,1.2119979858398438,0.0
2014-03-18,47.38999938964844,48.29999923706055,47.00400161743164,48.007999420166016,48.007999420166016,31211500,TSLA,67.88448,47.167999267578125,-0.8400001525878906,0.0
2014-04-11,40.12200164794922,41.400001525878906,39.720001220703125,40.75600051879883,40.75600051879883,45336000,TSLA,61.18811,39.61800003051758,-1.13800048828125,0.0
2014-04-30,40.720001220703125,41.63199996948242,40.25600051879883,41.577999114990234,41.577999114990234,22203000,TSLA,61.768883,41.54600143432618,-0.031997680664055395,0.0
2014-05-01,41.41600036621094,42.80400085449219,41.13800048828125,41.54600143432617,41.54600143432617,27199500,TSLA,62.375546,42.18199920654297,0.6359977722167969,0.0
2014-05-05,41.895999908447266,43.53799819946289,41.70399856567383,43.321998596191406,43.321998596191406,25735000,TSLA,63.22202,41.45600128173829,-1.865997314453118,0.0
2014-05-20,39.38800048828125,39.86600112915039,38.61399841308594,39.060001373291016,39.060001373291016,27730500,TSLA,60.049976,39.88999938964844,0.8299980163574219,0.0
2014-06-02,41.465999603271484,41.869998931884766,40.33399963378906,40.939998626708984,40.939998626708984,23340500,TSLA,61.84046,40.98799896240234,0.04800033569335227,0.0
2014-06-04,40.869998931884766,41.25199890136719,40.08000183105469,40.79800033569336,40.79800033569336,17137000,TSLA,61.496876,41.380001068115234,0.582000732421875,0.0
2014-06-05,40.89400100708008,41.84000015258789,40.810001373291016,41.380001068115234,41.380001068115234,20273000,TSLA,61.944637,41.63399887084961,0.253997802734375,0.0
2014-06-06,41.95000076293945,42.1619987487793,41.43600082397461,41.63399887084961,41.63399887084961,15369000,TSLA,62.470932,41.0620002746582,-0.5719985961914062,0.0
2014-06-26,47.433998107910156,48.08000183105469,46.84199905395508,47.119998931884766,47.119998931884766,25607000,TSLA,67.60465,47.81200027465821,0.6920013427734446,0.0
2014-06-27,46.9379997253418,48.0,46.900001525878906,47.8120002746582,47.8120002746582,28175000,TSLA,67.65598,48.01200103759765,0.20000076293944602,0.0
2014-07-09,44.25400161743164,44.84400177001953,43.84199905395508,44.61199951171875,44.61199951171875,20577000,TSLA,64.86625,43.891998291015625,-0.720001220703125,0.0
2014-07-25,44.54399871826172,45.39400100708008,44.349998474121094,44.7140007019043,44.7140007019043,15435500,TSLA,65.2205,44.9640007019043,0.25,0.0
2014-08-01,45.21799850463867,47.5,45.20000076293945,46.65399932861328,46.65399932861328,59479000,TSLA,66.40212,47.70399856567382,1.0499992370605398,0.0
2014-08-08,50.231998443603516,50.35200119018555,49.29999923706055,49.625999450683594,49.625999450683594,25450500,TSLA,69.92487,51.86399841308594,2.2379989624023438,0.0
2014-08-11,51.09600067138672,52.74800109863281,51.0,51.86399841308594,51.86399841308594,40506500,TSLA,71.575134,51.992000579833984,0.12800216674804688,0.0
2014-08-29,53.7400016784668,54.400001525878906,53.50199890136719,53.939998626708984,53.939998626708984,32235500,TSLA,73.64739,56.82400131225586,2.884002685546875,0.0
2014-09-03,57.534000396728516,57.599998474121094,56.02000045776367,56.237998962402344,56.237998962402344,33861500,TSLA,76.35434,57.20800018310547,0.970001220703125,0.0
2014-09-04,56.801998138427734,58.284000396728516,56.08000183105469,57.20800018310547,57.20800018310547,41708500,TSLA,76.589874,55.47800064086913,-1.7299995422363352,0.0
2014-09-16,51.029998779296875,52.492000579833984,50.48400115966797,52.14799880981445,52.14799880981445,41500500,TSLA,71.444756,52.2760009765625,0.12800216674804688,0.0
2014-09-17,52.481998443603516,52.939998626708984,51.900001525878906,52.2760009765625,52.2760009765625,25888500,TSLA,72.27141,52.763999938964844,0.48799896240234375,0.0
2014-09-19,51.597999572753906,52.2859992980957,51.05400085449219,51.86399841308594,51.86399841308594,34054500,TSLA,71.60399,50.00600051879883,-1.8579978942871094,0.0
2014-09-29,48.79999923706055,49.72800064086914,48.2760009765625,49.051998138427734,49.051998138427734,24263500,TSLA,69.096825,48.5359992980957,-0.5159988403320312,0.0
2014-10-14,45.650001525878906,46.49399948120117,44.599998474121094,45.4119987487793,45.4119987487793,35526500,TSLA,65.87439,45.939998626708984,0.5279998779296875,0.0
2014-10-21,46.854000091552734,47.077999114990234,46.15999984741211,47.06800079345703,47.06800079345703,20651500,TSLA,67.089035,46.22000122070313,-0.8479995727538991,0.0
2014-10-29,48.22600173950195,48.29999923706055,47.12799835205078,47.619998931884766,47.619998931884766,24812500,TSLA,68.01578,47.731998443603516,0.11199951171875,0.0
2014-10-30,47.62799835205078,48.099998474121094,47.012001037597656,47.731998443603516,47.731998443603516,16142000,TSLA,67.87269,48.34000015258789,0.608001708984375,0.0
2014-11-11,48.5099983215332,50.36399841308594,48.400001525878906,50.215999603271484,50.215999603271484,39744000,TSLA,69.45109,49.81999969482422,-0.3959999084472656,0.0
2014-11-19,50.12200164794922,50.375999450683594,49.119998931884766,49.54800033569336,49.54800033569336,39592500,TSLA,69.80191,49.742000579833984,0.194000244140625,0.0
2014-12-05,45.73400115966797,45.87799835205078,44.45199966430664,44.742000579833984,44.742000579833984,30318000,TSLA,65.56475,42.87200164794922,-1.8699989318847656,0.0
2014-12-18,42.47600173950195,43.6879997253418,42.36000061035156,43.652000427246094,43.652000427246094,37416500,TSLA,63.57906,43.85800170898437,0.20600128173827414,0.0
2015-01-02,44.57400131225586,44.650001525878906,42.652000427246094,43.86199951171875,43.86199951171875,23822000,TSLA,64.41021,42.018001556396484,-1.8439979553222656,0.0
2015-01-06,42.012001037597656,42.84000015258789,40.84199905395508,42.25600051879883,42.25600051879883,31309500,TSLA,62.59883,42.189998626708984,-0.06600189208984375,0.0
2015-01-08,42.5620002746582,42.7599983215332,42.00199890136719,42.124000549316406,42.124000549316406,17212500,TSLA,62.987633,41.332000732421875,-0.7919998168945312,0.0
2015-01-14,37.16600036621094,39.040000915527344,37.0,38.53799819946289,38.53799819946289,57759500,TSLA,58.79082,38.37400054931641,-0.16399765014647727,0.0
2015-01-20,38.77399826049805,38.82400131225586,37.40800094604492,38.38600158691406,38.38600158691406,22516000,TSLA,59.24243,39.31399917602539,0.9279975891113281,0.0
2015-02-02,40.79399871826172,42.38999938964844,40.65999984741211,42.1879997253418,42.1879997253418,20746000,TSLA,62.21249,43.672000885009766,1.4840011596679688,0.0
2015-02-03,42.64400100708008,44.07400131225586,42.25400161743164,43.672000885009766,43.672000885009766,24131000,TSLA,63.726963,43.70999908447265,0.03799819946288352,0.0
2015-02-06,44.400001525878906,44.68000030517578,43.29999923706055,43.47200012207031,43.47200012207031,16219500,TSLA,64.46644,43.49599838256836,0.023998260498046875,0.0
2015-02-11,42.44200134277344,42.948001861572266,41.45600128173828,42.560001373291016,42.560001373291016,48845500,TSLA,62.88389,40.576000213623054,-1.9840011596679616,0.0
2015-02-12,38.7140007019043,40.61800003051758,38.65599822998047,40.57600021362305,40.57600021362305,78248000,TSLA,60.335613,40.75400161743164,0.17800140380859375,0.0
2015-02-26,40.79999923706055,42.21799850463867,40.444000244140625,41.4379997253418,41.4379997253418,32364500,TSLA,61.900135,40.66799926757812,-0.770000457763679,0.0
2015-03-03,39.36199951171875,40.04800033569336,39.06399917602539,39.9119987487793,39.9119987487793,22161500,TSLA,60.42131,40.48799896240234,0.5760002136230398,0.0
2015-03-10,37.69200134277344,38.70000076293945,37.52000045776367,38.06399917602539,38.06399917602539,27898500,TSLA,58.91564,38.74800109863281,0.6840019226074219,0.0
2015-03-17,39.08599853515625,39.742000579833984,38.78799819946289,38.94599914550781,38.94599914550781,24470500,TSLA,59.98198,40.141998291015625,1.1959991455078125,0.0
2015-03-23,39.70000076293945,40.099998474121094,39.49399948120117,39.92599868774414,39.92599868774414,13158000,TSLA,60.64294,40.34400177001953,0.4180030822753906,0.0
2015-03-27,37.81399917602539,37.858001708984375,36.279998779296875,37.0,37.0,43024500,TSLA,58.14182,38.11399841308594,1.1139984130859375,0.0
2015-03-30,37.16999816894531,38.45000076293945,36.36000061035156,38.11399841308594,38.11399841308594,50447500,TSLA,58.415836,37.75400161743164,-0.3599967956542969,0.0
2015-03-31,38.70600128173828,38.75199890136719,37.68199920654297,37.75400161743164,37.75400161743164,25133000,TSLA,59.11323,37.518001556396484,-0.23600006103515625,0.0
2015-04-16,41.540000915527344,41.83399963378906,41.257999420166016,41.34000015258789,41.34000015258789,8295500,TSLA,62.22029,41.358001708984375,0.018001556396484375,0.0
2015-04-20,41.35599899291992,41.56999969482422,40.77000045776367,41.05400085449219,41.05400085449219,12796500,TSLA,61.91648,41.88199996948242,0.8279991149902344,0.0
2015-04-21,41.15999984741211,42.150001525878906,40.86199951171875,41.88199996948242,41.88199996948242,17162500,TSLA,62.2193,43.88800048828125,2.006000518798828,0.0
2015-04-24,44.099998474121094,44.15999984741211,43.60200119018555,43.68600082397461,43.68600082397461,12139000,TSLA,64.420586,46.31000137329102,2.6240005493164134,0.0
2015-04-29,46.0099983215332,46.99399948120117,45.5260009765625,46.4900016784668,46.4900016784668,19680500,TSLA,66.60296,45.209999084472656,-1.2800025939941406,0.0
2015-04-30,46.077999114990234,46.577999114990234,45.034000396728516,45.209999084472656,45.209999084472656,19559500,TSLA,66.09026,45.20600128173828,-0.003997802734375,0.0
2015-05-07,44.20000076293945,47.49599838256836,44.04999923706055,47.36000061035156,47.36000061035156,47279500,TSLA,66.1159,47.321998596191406,-0.03800201416015625,0.0
2015-05-13,49.52199935913086,49.65999984741211,48.45000076293945,48.63600158691406,48.63600158691406,27201000,TSLA,69.16298,48.81999969482422,0.18399810791015625,0.0
2015-05-14,48.9640007019043,48.97800064086914,48.25,48.81999969482422,48.81999969482422,14479500,TSLA,68.92644,49.768001556396484,0.9480018615722656,0.0
2015-05-22,49.07600021362305,49.720001220703125,49.00199890136719,49.54600143432617,49.54600143432617,11115500,TSLA,69.49296,49.492000579833984,-0.0540008544921875,0.0
2015-05-26,49.5359992980957,50.400001525878906,49.29999923706055,49.492000579833984,49.492000579833984,17493500,TSLA,69.78407,49.486000061035156,-0.006000518798828125,0.0
2015-05-27,49.70199966430664,49.900001525878906,49.11000061035156,49.486000061035156,49.486000061035156,17041000,TSLA,69.65649,50.290000915527344,0.8040008544921875,0.0
2015-06-17,50.433998107910156,52.87200164794922,50.40399932861328,52.082000732421875,52.082000732421875,27564500,TSLA,71.41515,52.377998352050774,0.29599761962889914,0.0
2015-06-18,52.400001525878906,52.69200134277344,52.00400161743164,52.37799835205078,52.37799835205078,13913500,TSLA,72.28664,52.50199890136719,0.12400054931640625,0.0
2015-06-24,53.395999908447266,53.470001220703125,52.74399948120117,53.034000396728516,53.034000396728516,12061500,TSLA,73.022125,53.75799942016601,0.7239990234374929,0.0
2015-06-26,53.77799987792969,53.821998596191406,53.20000076293945,53.417999267578125,53.417999267578125,19192000,TSLA,73.36242,52.40399932861328,-1.0139999389648438,0.0
2015-07-23,53.93000030517578,53.97999954223633,53.05400085449219,53.439998626708984,53.439998626708984,11136000,TSLA,73.43063,53.082000732421875,-0.3579978942871094,0.0
2015-07-27,52.486000061035156,52.88600158691406,50.15800094604492,50.60200119018555,50.60200119018555,23471000,TSLA,71.44331,52.9640007019043,2.36199951171875,0.0
2015-08-04,52.00199890136719,53.34400177001953,51.667999267578125,53.25600051879883,53.25600051879883,11762500,TSLA,72.4981,54.02600097656251,0.770000457763679,0.0
2015-08-11,47.43000030517578,47.86000061035156,46.88800048828125,47.4739990234375,47.4739990234375,21324500,TSLA,67.664,47.63399887084961,0.15999984741210938,0.0
2015-08-13,47.97200012207031,49.29600143432617,47.82400131225586,48.50199890136719,48.50199890136719,23446000,TSLA,68.581955,48.630001068115234,0.12800216674804688,0.0
2015-08-14,49.448001861572266,49.58599853515625,48.354000091552734,48.630001068115234,48.630001068115234,21824000,TSLA,69.12353,50.99800109863281,2.368000030517578,0.0
2015-08-17,51.11199951171875,51.31800079345703,50.10200119018555,50.99800109863281,50.99800109863281,35883500,TSLA,70.830505,52.14400100708008,1.1459999084472656,0.0
2015-08-18,51.07600021362305,52.189998626708984,50.71200180053711,52.14400100708008,52.14400100708008,20975000,TSLA,71.500435,51.04999923706055,-1.0940017700195312,0.0
2015-08-26,45.58599853515625,45.599998474121094,43.10200119018555,44.96799850463867,44.96799850463867,24815000,TSLA,65.219894,48.597999572753906,3.6300010681152344,0.0
2015-08-28,48.37200164794922,50.290000915527344,48.31399917602539,49.69599914550781,49.69599914550781,27568500,TSLA,69.29425,49.8120002746582,0.11600112915039062,0.0
2015-09-08,49.0099983215332,49.832000732421875,48.810001373291016,49.63399887084961,49.63399887084961,15691000,TSLA,69.46442,49.782001495361335,0.14800262451172586,0.0
2015-09-09,50.40999984741211,50.849998474121094,49.65999984741211,49.78200149536133,49.78200149536133,16954000,TSLA,70.23206,49.69599914550781,-0.08600234985351562,0.0
2015-09-18,51.59199905395508,52.763999938964844,51.5,52.124000549316406,52.124000549316406,18815500,TSLA,71.93408,52.84000015258789,0.7159996032714844,0.0
2015-09-22,51.805999755859375,52.529998779296875,51.17399978637695,52.1879997253418,52.1879997253418,18322000,TSLA,71.863815,52.21200180053711,0.0240020751953125,0.0
2015-09-24,51.90599822998047,52.689998626708984,51.242000579833984,52.624000549316406,52.624000549316406,17241000,TSLA,72.04889,51.38199996948242,-1.2420005798339844,0.0
2015-10-19,45.29999923706055,46.22999954223633,44.987998962402344,45.619998931884766,45.619998931884766,12539500,TSLA,65.95945,42.60599899291992,-3.0139999389648438,0.0
2015-10-21,42.39799880981445,42.96200180053711,41.7599983215332,42.018001556396484,42.018001556396484,20757500,TSLA,62.904423,42.34400177001953,0.3260002136230469,0.0
2015-10-26,42.2760009765625,43.17599868774414,42.0,43.051998138427734,43.051998138427734,16957000,TSLA,63.252087,42.06999969482422,-0.9819984436035156,0.0
2015-10-30,42.08000183105469,42.32600021362305,40.77799987792969,41.38600158691406,41.38600158691406,22194500,TSLA,62.295135,42.757999420166016,1.3719978332519531,0.0
2015-11-05,46.11600112915039,46.91600036621094,45.8380012512207,46.354000091552734,46.354000091552734,22484000,TSLA,66.63843,46.472000122070305,0.11800003051757102,0.0
2015-11-12,43.56999969482422,43.79999923706055,42.53200149536133,42.5880012512207,42.5880012512207,14579500,TSLA,63.692654,41.43799972534179,-1.1500015258789134,0.0
2015-11-16,41.21799850463867,42.99599838256836,41.15999984741211,42.86199951171875,42.86199951171875,14627000,TSLA,62.749405,42.79999923706055,-0.062000274658203125,0.0
2015-11-20,44.698001861572266,45.0,42.715999603271484,44.00199890136719,44.00199890136719,22003500,TSLA,64.57404,43.54999923706054,-0.45199966430664773,0.0
2015-11-27,46.21200180053711,46.45000076293945,45.402000427246094,46.321998596191406,46.321998596191406,9747000,TSLA,66.483345,46.05199813842774,-0.27000045776366477,0.0
2015-12-08,45.50400161743164,45.7599983215332,44.84000015258789,45.34400177001953,45.34400177001953,13438000,TSLA,65.78611,44.90399932861328,-0.44000244140625,0.0
2015-12-15,44.36399841308594,44.444000244140625,43.599998474121094,44.21799850463867,44.21799850463867,11222000,TSLA,64.67554,46.90200042724609,2.6840019226074148,0.0
2015-12-30,47.31999969482422,48.72600173950195,47.13399887084961,47.61800003051758,47.61800003051758,18489500,TSLA,67.94772,48.00199890136719,0.3839988708496094,0.0
2016-01-22,40.959999084472656,41.099998474121094,39.805999755859375,40.5099983215332,40.5099983215332,15620500,TSLA,61.35009,39.2760009765625,-1.2339973449707031,0.0
2016-01-25,40.012001037597656,40.7140007019043,39.17599868774414,39.2760009765625,39.2760009765625,13493500,TSLA,60.616867,38.71200180053711,-0.5639991760253906,0.0
2016-02-01,37.75199890136719,39.90399932861328,36.54999923706055,39.38800048828125,39.38800048828125,26488000,TSLA,59.307568,36.555999755859375,-2.832000732421875,0.0
2016-02-04,34.13999938964844,35.19599914550781,33.39799880981445,35.066001892089844,35.066001892089844,21927000,TSLA,55.654392,32.52000045776367,-2.546001434326172,0.0
2016-02-08,31.420000076293945,31.43000030517578,29.200000762939453,29.597999572753906,29.597999572753906,46565000,TSLA,51.787243,29.649999618530273,0.05200004577636719,0.0
2016-02-23,35.231998443603516,36.34600067138672,34.736000061035156,35.44200134277344,35.44200134277344,29922000,TSLA,56.536694,35.79999923706055,0.3579978942871094,0.0
2016-02-24,34.54999923706055,35.900001525878906,33.56800079345703,35.79999923706055,35.79999923706055,26978000,TSLA,56.10781,37.486000061035156,1.6860008239746094,0.0
2016-03-03,37.65599822998047,39.48400115966797,36.84400177001953,39.14799880981445,39.14799880981445,24145000,TSLA,59.208263,40.20800018310547,1.0600013732910156,0.0
2016-03-04,39.599998474121094,40.805999755859375,39.5,40.20800018310547,40.20800018310547,32445500,TSLA,60.791084,41.05799865722657,0.8499984741211009,0.0
2016-03-07,39.5359992980957,41.939998626708984,39.47999954223633,41.05799865722656,41.05799865722656,26647000,TSLA,61.26528,40.52000045776367,-0.5379981994628906,0.0
2016-03-08,40.70000076293945,41.5,40.439998626708984,40.52000045776367,40.52000045776367,20893500,TSLA,61.52381,41.74399948120117,1.2239990234375,0.0
2016-03-10,42.0,42.65800094604492,40.13399887084961,41.0359992980957,41.0359992980957,25962500,TSLA,62.10451,41.5,0.4640007019042969,0.0
2016-03-11,41.58599853515625,41.88399887084961,41.066001892089844,41.5,41.5,16715500,TSLA,62.203434,43.02999877929687,1.529998779296868,0.0
2016-03-22,47.44200134277344,47.79800033569336,46.512001037597656,46.847999572753906,46.847999572753906,21580000,TSLA,67.40862,44.51599884033203,-2.332000732421875,0.0
2016-03-31,45.86800003051758,47.48400115966797,45.00199890136719,45.95399856567383,45.95399856567383,40064500,TSLA,66.36738,47.518001556396484,1.5640029907226562,0.0
2016-04-08,52.099998474121094,52.16400146484375,49.604000091552734,50.013999938964844,50.013999938964844,36819500,TSLA,70.87514,49.98400115966797,-0.029998779296875,0.0
2016-04-29,49.62799835205078,49.68600082397461,47.5620002746582,48.152000427246094,48.152000427246094,27069000,TSLA,68.86193,48.36000061035156,0.20800018310546875,0.0
2016-05-02,48.29999923706055,48.63800048828125,46.9640007019043,48.36000061035156,48.36000061035156,19219500,TSLA,68.271324,46.4640007019043,-1.8959999084472656,0.0
2016-05-04,46.05799865722656,46.891998291015625,44.08000183105469,44.512001037597656,44.512001037597656,43502500,TSLA,65.68673,42.305999755859375,-2.2060012817382812,0.0
2016-05-06,42.17399978637695,43.27399826049805,41.62200164794922,42.986000061035156,42.986000061035156,28426000,TSLA,63.108074,41.784000396728516,-1.2019996643066406,0.0
2016-05-16,41.630001068115234,42.630001068115234,41.58399963378906,41.65800094604492,41.65800094604492,14747000,TSLA,62.556816,40.93199920654297,-0.7260017395019531,0.0
2016-05-19,42.7239990234375,43.358001708984375,41.459999084472656,43.04199981689453,43.04199981689453,34331500,TSLA,63.19978,44.055999755859375,1.0139999389648438,0.0
2016-05-20,43.39799880981445,44.11000061035156,43.27000045776367,44.055999755859375,44.055999755859375,45035500,TSLA,64.16556,43.24399948120117,-0.8120002746582031,0.0
2016-05-31,44.608001708984375,44.95000076293945,44.29999923706055,44.645999908447266,44.645999908447266,13945000,TSLA,65.10672,43.9119987487793,-0.7340011596679688,0.0
2016-06-10,45.47800064086914,45.59400177001953,43.683998107910156,43.757999420166016,43.757999420166016,30133000,TSLA,65.02157,43.57400131225586,-0.18399810791015625,0.0
2016-06-16,43.48400115966797,43.608001708984375,42.70000076293945,43.58599853515625,43.58599853515625,12201500,TSLA,63.922016,43.09400177001953,-0.49199676513671875,0.0
2016-06-17,43.5620002746582,43.99800109863281,42.900001525878906,43.09400177001953,43.09400177001953,15563000,TSLA,63.945034,43.93999862670899,0.8459968566894602,0.0
2016-06-29,41.0260009765625,42.35599899291992,40.599998474121094,42.03799819946289,42.03799819946289,29974500,TSLA,62.171326,42.45600128173828,0.4180030822753906,0.0
2016-07-05,41.94599914550781,42.90800094604492,41.599998474121094,42.79600143432617,42.79600143432617,25876500,TSLA,62.931053,42.88800048828126,0.09199905395508523,0.0
2016-07-06,42.0,43.04600143432617,41.79999923706055,42.88800048828125,42.88800048828125,24599500,TSLA,63.049183,43.1879997253418,0.2999992370605469,0.0
2016-07-11,43.992000579833984,45.35599899291992,43.902000427246094,44.95600128173828,44.95600128173828,27149000,TSLA,65.00735,44.930000305175774,-0.026000976562507105,0.0
2016-07-12,44.81999969482422,45.5,44.64400100708008,44.93000030517578,44.93000030517578,22856500,TSLA,65.400085,44.50600051879883,-0.4239997863769531,0.0
2016-07-28,45.59000015258789,46.152000427246094,45.31999969482422,46.12200164794922,46.12200164794922,12095500,TSLA,66.20546,46.95800018310547,0.83599853515625,0.0
2016-08-01,47.099998474121094,47.32600021362305,45.875999450683594,46.00199890136719,46.00199890136719,20081500,TSLA,66.87293,45.439998626708984,-0.5620002746582031,0.0
2016-08-02,45.874000549316406,45.9739990234375,44.279998779296875,45.439998626708984,45.439998626708984,19672000,TSLA,65.781746,45.15800094604492,-0.2819976806640625,0.0
2016-08-03,45.4739990234375,45.939998626708984,44.84199905395508,45.15800094604492,45.15800094604492,19439000,TSLA,65.755516,46.12200164794922,0.9640007019042969,0.0
2016-08-05,46.0,46.400001525878906,45.47999954223633,46.00600051879883,46.00600051879883,16026000,TSLA,66.34529,45.23199844360351,-0.7740020751953196,0.0
2016-08-09,45.36399841308594,46.30799865722656,45.33000183105469,45.816001892089844,45.816001892089844,11039000,TSLA,66.12615,45.13000106811523,-0.6860008239746165,0.0
2016-08-10,45.64799880981445,45.9739990234375,44.92399978637695,45.130001068115234,45.130001068115234,11691500,TSLA,65.84083,44.98199844360351,-0.14800262451172586,0.0
2016-08-22,44.83399963378906,45.02199935913086,44.5359992980957,44.58599853515625,44.58599853515625,10327500,TSLA,65.2262,44.96799850463867,0.3819999694824219,0.0
2016-08-23,44.86399841308594,45.698001861572266,44.560001373291016,44.96799850463867,44.96799850463867,23922000,TSLA,65.44145,44.52399826049805,-0.444000244140625,0.0
2016-08-26,44.428001403808594,44.571998596191406,43.763999938964844,43.99800109863281,43.99800109863281,11195000,TSLA,64.7045,43.040000915527344,-0.9580001831054688,0.0
2016-08-30,43.22200012207031,43.22200012207031,42.104000091552734,42.268001556396484,42.268001556396484,15844500,TSLA,63.299183,42.402000427246094,0.13399887084960938,0.0
2016-08-31,42.08599853515625,42.52000045776367,41.72999954223633,42.402000427246094,42.402000427246094,16382500,TSLA,62.837326,40.15399932861328,-2.2480010986328125,0.0
2016-09-02,40.465999603271484,40.63999938964844,39.2400016784668,39.555999755859375,39.555999755859375,29887000,TSLA,60.72132,40.56600189208984,1.0100021362304616,0.0
2016-09-12,39.0,40.27399826049805,38.81999969482422,39.65999984741211,39.65999984741211,18576000,TSLA,60.291256,39.209999084472656,-0.4500007629394531,0.0
2016-09-14,39.150001525878906,39.58399963378906,38.97200012207031,39.28200149536133,39.28200149536133,11272500,TSLA,60.131927,40.08399963378906,0.8019981384277344,0.0
2016-09-23,41.198001861572266,42.0359992980957,41.13399887084961,41.4900016784668,41.4900016784668,14526000,TSLA,62.17928,41.79800033569335,0.3079986572265554,0.0
2016-10-06,40.492000579833984,40.84199905395508,40.04199981689453,40.20000076293945,40.20000076293945,23517000,TSLA,61.1437,39.321998596191406,-0.8780021667480469,0.0
2016-10-07,40.20000076293945,40.263999938964844,39.15999984741211,39.321998596191406,39.321998596191406,17465000,TSLA,60.543648,40.189998626708984,0.8680000305175781,0.0
2016-11-25,38.72800064086914,39.448001861572266,38.72800064086914,39.33000183105469,39.33000183105469,11830500,TSLA,59.9628,39.2239990234375,-0.1060028076171875,0.0
2016-11-28,39.09600067138672,39.869998931884766,38.90999984741211,39.2239990234375,39.2239990234375,22646000,TSLA,60.11732,37.91400146484375,-1.30999755859375,0.0
2016-11-30,38.20000076293945,38.37799835205078,37.5,37.880001068115234,37.880001068115234,17735500,TSLA,58.932575,36.375999450683594,-1.5040016174316406,0.0
2016-12-09,38.17399978637695,38.768001556396484,38.1619987487793,38.43600082397461,38.43600082397461,13612500,TSLA,59.327152,38.486000061035156,0.049999237060546875,0.0
2016-12-20,40.61000061035156,41.79999923706055,40.5,41.757999420166016,41.757999420166016,23445500,TSLA,61.88295,41.540000915527344,-0.21799850463867188,0.0
2016-12-21,41.689998626708984,42.44599914550781,41.481998443603516,41.540000915527344,41.540000915527344,26038000,TSLA,62.433517,41.689998626708984,0.14999771118164062,0.0
2016-12-29,43.71200180053711,43.84000015258789,42.82400131225586,42.93600082397461,42.93600082397461,20225000,TSLA,63.866184,42.737998962402344,-0.19800186157226562,0.0
2016-12-30,43.2599983215332,43.5,42.33599853515625,42.737998962402344,42.737998962402344,23213000,TSLA,63.51642,43.39799880981445,0.6599998474121094,0.0
2017-01-05,45.284000396728516,45.49599838256836,44.38999938964844,45.349998474121094,45.349998474121094,29558500,TSLA,65.51661,45.80199813842774,0.45199966430664773,0.0
2017-01-06,45.38600158691406,46.0620002746582,45.09000015258789,45.801998138427734,45.801998138427734,27639500,TSLA,65.95427,46.25600051879883,0.45400238037109375,0.0
2017-01-11,45.81399917602539,45.99599838256836,45.33599853515625,45.94599914550781,45.94599914550781,18254000,TSLA,66.154465,45.917999267578125,-0.0279998779296875,0.0
2017-02-02,49.667999267578125,50.48400115966797,49.54199981689453,50.310001373291016,50.310001373291016,12499000,TSLA,70.10695,50.265998840332024,-0.04400253295899148,0.0
2017-02-08,51.470001220703125,52.672000885009766,51.2400016784668,52.41600036621094,52.41600036621094,19665000,TSLA,71.89324,53.84000015258789,1.4239997863769531,0.0
2017-02-09,53.25,54.236000061035156,53.22999954223633,53.84000015258789,53.84000015258789,39101000,TSLA,73.39624,53.846000671386726,0.00600051879883523,0.0
2017-02-17,53.15999984741211,54.577999114990234,52.83000183105469,54.44599914550781,54.44599914550781,31285500,TSLA,73.53348,55.47800064086913,1.032001495361321,0.0
2017-02-28,48.8380012512207,50.20000076293945,48.779998779296875,49.99800109863281,49.99800109863281,30390500,TSLA,69.547,50.00400161743164,0.006000518798828125,0.0
2017-03-22,50.3120002746582,51.013999938964844,50.10200119018555,51.00199890136719,51.00199890136719,20296500,TSLA,70.64165,50.95600128173828,-0.04599761962890625,0.0
2017-03-28,55.40399932861328,56.13600158691406,55.0,55.4900016784668,55.4900016784668,39938000,TSLA,75.118614,55.47600173950195,-0.01399993896484375,0.0
2017-03-30,55.608001708984375,56.400001525878906,55.44200134277344,55.58399963378906,55.58399963378906,20742000,TSLA,75.411156,55.65999984741211,0.07600021362304688,0.0
2017-04-05,60.40800094604492,60.97600173950195,58.84000015258789,59.0,59.0,39404500,TSLA,79.08391,59.740001678466804,0.740001678466804,0.0
2017-04-06,59.375999450683594,60.38800048828125,58.81999969482422,59.7400016784668,59.7400016784668,27603000,TSLA,78.939514,60.507999420166016,0.7679977416992188,0.0
2017-04-11,62.67599868774414,62.694000244140625,61.099998474121094,61.742000579833984,61.742000579833984,28623000,TSLA,81.2058,59.36800003051758,-2.3740005493164062,0.0
2017-04-24,61.84400177001953,62.11000061035156,61.20399856567383,61.60599899291992,61.60599899291992,25417500,TSLA,80.89506,62.757999420166016,1.1520004272460938,0.0
2017-04-26,62.4739990234375,62.900001525878906,61.79999923706055,62.034000396728516,62.034000396728516,23475000,TSLA,81.466225,61.72600173950195,-0.3079986572265625,0.0
2017-05-01,62.97600173950195,65.44999694824219,62.96200180053711,64.56600189208984,64.56600189208984,44148000,TSLA,83.00697,63.77799987792969,-0.7880020141601562,0.0
2017-05-11,64.68000030517578,65.19999694824219,63.91999816894531,64.62000274658203,64.62000274658203,23769000,TSLA,83.60785,64.96199798583984,0.3419952392578125,0.0
2017-05-23,62.09199905395508,62.145999908447266,60.69599914550781,60.77199935913086,60.77199935913086,21592000,TSLA,80.64305,62.043998718261726,1.2719993591308665,0.0
2017-05-30,65.19999694824219,67.25599670410156,65.1520004272461,67.0199966430664,67.0199966430664,38914500,TSLA,85.03625,68.2020034790039,1.1820068359375,0.0
2017-06-09,74.88400268554688,75.3740005493164,70.95999908447266,71.46399688720703,71.46399688720703,86307000,TSLA,91.36238,71.802001953125,0.33800506591796875,0.0
2017-06-21,74.87000274658203,75.39800262451172,73.60399627685547,75.27999877929688,75.27999877929688,24616000,TSLA,93.06544,76.52200317382812,1.24200439453125,0.0
2017-06-22,75.5979995727539,77.0,74.71399688720703,76.52200317382812,76.52200317382812,37649000,TSLA,94.126785,76.69000244140625,0.167999267578125,0.0
2017-06-26,77.33799743652344,77.38999938964844,74.62000274658203,75.49800109863281,75.49800109863281,33020500,TSLA,94.32488,72.4739990234375,-3.0240020751953125,0.0
2017-06-29,74.12200164794922,74.19999694824219,70.81999969482422,72.1500015258789,72.1500015258789,41105000,TSLA,91.14921,72.3219985961914,0.1719970703125,0.0
2017-07-05,69.44000244140625,69.447998046875,65.26599884033203,65.41799926757812,65.41799926757812,85233500,TSLA,85.98435,61.76599884033203,-3.6520004272460938,0.0
2017-07-06,63.45199966430664,64.15799713134766,61.2599983215332,61.76599884033203,61.76599884033203,96622500,TSLA,81.61526,62.64400100708008,0.8780021667480469,0.0
2017-07-07,62.70000076293945,63.400001525878906,61.47600173950195,62.64400100708008,62.64400100708008,70884500,TSLA,81.58291,63.209999084472656,0.5659980773925781,0.0
2017-07-11,63.20000076293945,65.45600128173828,62.86000061035156,65.44400024414062,65.44400024414062,57797000,TSLA,83.21302,65.90399932861328,0.45999908447265625,0.0
2017-08-01,64.5999984741211,64.88999938964844,63.22600173950195,63.91400146484375,63.91400146484375,41515500,TSLA,83.12787,65.1780014038086,1.2639999389648438,0.0
2017-08-03,69.06600189208984,70.0,68.62999725341797,69.41799926757812,69.41799926757812,67675000,TSLA,87.84542,71.38200378417969,1.9640045166015625,0.0
2017-08-17,72.24199676513672,72.66000366210938,70.31800079345703,70.38400268554688,70.38400268554688,25138500,TSLA,89.88492,69.49199676513672,-0.8920059204101562,0.0
2017-08-18,70.58200073242188,70.80000305175781,69.16000366210938,69.49199676513672,69.49199676513672,27041000,TSLA,88.597824,67.5719985961914,-1.9199981689453125,0.0
2017-08-25,70.8479995727539,71.13800048828125,69.45999908447266,69.61000061035156,69.61000061035156,17420000,TSLA,88.86433,69.13200378417969,-0.477996826171875,0.0
2017-08-28,69.45600128173828,69.47000122070312,67.94400024414062,69.13200378417969,69.13200378417969,18820000,TSLA,87.69598,69.47200012207031,0.339996337890625,0.0
2017-08-29,67.89600372314453,69.80999755859375,67.75,69.47200012207031,69.47200012207031,20368500,TSLA,87.47913,70.63600158691406,1.16400146484375,0.0
2017-08-30,69.93399810791016,70.69400024414062,69.4000015258789,70.63600158691406,70.63600158691406,17064500,TSLA,88.80523,71.18000030517578,0.5439987182617188,0.0
2017-09-07,69.19599914550781,70.49600219726562,68.69000244140625,70.12200164794922,70.12200164794922,21196000,TSLA,88.29468,68.68000030517578,-1.4420013427734375,0.0
2017-09-28,67.97599792480469,68.55000305175781,67.08000183105469,67.91999816894531,67.91999816894531,26598000,TSLA,86.640854,68.22000122070312,0.3000030517578125,0.0
2017-10-03,67.18000030517578,69.70999908447266,66.25599670410156,69.62799835205078,69.62799835205078,50768000,TSLA,86.90101,71.00199890136719,1.3740005493164062,0.0
2017-10-04,70.25,71.7239990234375,69.91999816894531,71.00199890136719,71.00199890136719,40817500,TSLA,89.25655,71.06600189208984,0.06400299072265625,0.0
2017-10-13,71.39600372314453,71.697998046875,70.73600006103516,71.11399841308594,71.11399841308594,17702500,TSLA,89.782684,70.12000274658203,-0.9939956665039062,0.0
2017-11-01,66.44999694824219,66.52200317382812,64.052001953125,64.21600341796875,64.21600341796875,42286500,TSLA,84.16983,59.85200119018555,-4.364002227783203,0.0
2017-11-14,63.0,63.27000045776367,61.380001068115234,61.7400016784668,61.7400016784668,28380500,TSLA,81.47637,62.2599983215332,0.5199966430664062,0.0
2017-12-01,61.0880012512207,62.06399917602539,61.0099983215332,61.305999755859375,61.305999755859375,21464500,TSLA,80.618286,61.040000915527344,-0.26599884033203125,0.0
2017-12-04,61.29999923706055,61.65399932861328,60.12200164794922,61.040000915527344,61.040000915527344,29175500,TSLA,80.26527,60.7400016784668,-0.2999992370605469,0.0
2017-12-14,68.2020034790039,69.48799896240234,67.37999725341797,67.5780029296875,67.5780029296875,28999500,TSLA,86.88954,68.69000244140625,1.11199951171875,0.0
2018-01-26,68.30000305175781,68.80000305175781,67.14199829101562,68.56999969482422,68.56999969482422,22697000,TSLA,86.95377,69.90599822998047,1.33599853515625,0.0
2018-02-07,67.7979965209961,69.19999694824219,67.13200378417969,69.0,69.0,34846000,TSLA,87.00823,63.04600143432617,-5.953998565673828,0.0
2018-02-21,67.20600128173828,67.93800354003906,66.63400268554688,66.66000366210938,66.66000366210938,16098000,TSLA,85.95439,69.23400115966797,2.5739974975585938,0.0
2018-03-02,65.39600372314453,67.04399871826172,64.59400177001953,67.02400207519531,67.02400207519531,25464000,TSLA,84.93498,66.66999816894531,-0.35400390625,0.0
2018-03-14,67.35199737548828,67.96199798583984,64.78600311279297,65.32599639892578,65.32599639892578,39837000,TSLA,85.15132,65.12000274658203,-0.20599365234375,0.0
2018-03-20,62.9739990234375,63.25,61.75199890136719,62.11000061035156,62.11000061035156,23821500,TSLA,81.659706,63.305999755859375,1.1959991455078125,0.0
2018-03-21,62.04999923706055,64.48799896240234,62.03799819946289,63.305999755859375,63.305999755859375,29792000,TSLA,82.09797,61.81999969482422,-1.4860000610351562,0.0
2018-03-22,62.77799987792969,63.763999938964844,61.63600158691406,61.81999969482422,61.81999969482422,24699000,TSLA,81.637825,60.30799865722656,-1.5120010375976562,0.0
2018-03-29,51.29800033569336,54.19200134277344,49.641998291015625,53.22600173950195,53.22600173950195,75853500,TSLA,71.88477,50.49599838256835,-2.730003356933601,0.0
2018-04-18,58.215999603271484,60.04800033569336,57.63199996948242,58.66999816894531,58.66999816894531,32788500,TSLA,78.0548,60.01599884033203,1.3460006713867188,0.0
2018-04-19,58.215999603271484,60.20199966430664,57.709999084472656,60.01599884033203,60.01599884033203,30453000,TSLA,78.445595,58.04800033569336,-1.9679985046386719,0.0
2018-05-02,59.7140007019043,61.369998931884766,59.555999755859375,60.22999954223633,60.22999954223633,44852000,TSLA,79.48705,56.88999938964843,-3.3400001525878977,0.0
2018-05-10,61.5,62.597999572753906,60.821998596191406,61.00400161743164,61.00400161743164,28258000,TSLA,80.69012,60.21200180053711,-0.7919998168945312,0.0
2018-05-15,57.00199890136719,57.391998291015625,56.099998474121094,56.83599853515625,56.83599853515625,47596000,TSLA,76.32064,57.29600143432617,0.4600028991699219,0.0
2018-05-22,57.551998138427734,57.599998474121094,54.683998107910156,55.00199890136719,55.00199890136719,44729000,TSLA,75.706924,55.81399917602539,0.8120002746582031,0.0
2018-05-23,55.551998138427734,55.981998443603516,54.79999923706055,55.81399917602539,55.81399917602539,29925500,TSLA,75.17466,55.56999969482422,-0.24399948120117188,0.0
2018-06-05,59.540000915527344,59.560001373291016,57.347999572753906,58.22600173950195,58.22600173950195,29976000,TSLA,78.05114,63.900001525878906,5.673999786376953,0.0
2018-06-21,72.4000015258789,73.24199676513672,69.25399780273438,69.50199890136719,69.50199890136719,39835500,TSLA,89.54312,66.72599792480469,-2.7760009765625,0.0
2018-06-28,69.73200225830078,71.40399932861328,69.22200012207031,69.98600006103516,69.98600006103516,41990000,TSLA,88.65403,68.58999633789062,-1.3960037231445312,0.0
2018-06-29,70.66600036621094,70.77200317382812,68.48200225830078,68.58999633789062,68.58999633789062,32462000,TSLA,88.21045,67.01399993896484,-1.5759963989257812,0.0
2018-07-03,66.3499984741211,66.49800109863281,61.9379997253418,62.172000885009766,62.172000885009766,61413000,TSLA,83.093544,61.83200073242188,-0.3400001525878835,0.0
2018-07-05,62.75199890136719,62.87799835205078,59.24399948120117,61.832000732421875,61.832000732421875,87382000,TSLA,80.713715,61.779998779296875,-0.052001953125,0.0
2018-07-10,64.91200256347656,65.53600311279297,63.84000015258789,64.49400329589844,64.49400329589844,47357500,TSLA,83.618515,63.79199981689453,-0.7020034790039062,0.0
2018-07-13,63.11600112915039,63.91600036621094,61.849998474121094,63.77399826049805,63.77399826049805,29349000,TSLA,82.258896,62.02000045776367,-1.753997802734375,0.0
2018-07-23,60.36800003051758,61.099998474121094,58.571998596191406,60.63999938964844,60.63999938964844,54964500,TSLA,79.40188,59.486000061035156,-1.1539993286132812,0.0
2018-07-24,60.88399887084961,61.54399871826172,58.5099983215332,59.486000061035156,59.486000061035156,47954000,TSLA,79.33497,61.74800109863281,2.2620010375976562,0.0
2018-08-21,62.12200164794922,64.95800018310547,61.79999923706055,64.37999725341797,64.37999725341797,65861000,TSLA,82.338936,64.3280029296875,-0.05199432373046875,0.0
2018-08-28,63.68199920654297,63.7760009765625,62.237998962402344,62.37200164794922,62.37200164794922,38245500,TSLA,82.06907,61.00199890136719,-1.3700027465820312,0.0
2018-09-10,54.652000427246094,57.20600128173828,54.20000076293945,57.099998474121094,57.099998474121094,71417500,TSLA,75.3407,55.88800048828126,-1.2119979858398366,0.0
2018-09-14,57.75199890136719,59.465999603271484,57.30400085449219,59.040000915527344,59.040000915527344,33828000,TSLA,77.82957,58.96799850463867,-0.07200241088867188,0.0
2018-09-17,58.007999420166016,60.17399978637695,57.625999450683594,58.96799850463867,58.96799850463867,34438000,TSLA,78.10715,56.992000579833984,-1.9759979248046875,0.0
2018-09-28,54.051998138427734,55.599998474121094,52.11199951171875,52.95399856567383,52.95399856567383,168248500,TSLA,73.27912,62.13999938964844,9.18600082397461,0.0
2018-10-03,60.66600036621094,60.91999816894531,58.31399917602539,58.959999084472656,58.959999084472656,39975000,TSLA,78.988266,56.36600112915039,-2.5939979553222656,0.0
2018-10-10,52.922000885009766,53.10200119018555,49.55400085449219,51.375999450683594,51.375999450683594,64076500,TSLA,71.52036,50.44599914550781,-0.9300003051757812,0.0
2018-10-15,51.8120002746582,52.65599822998047,50.90800094604492,51.917999267578125,51.917999267578125,31000000,TSLA,71.72361,55.318000793457024,3.400001525878899,0.0
2018-10-19,53.47800064086914,53.93199920654297,50.70000076293945,52.0,52.0,46877500,TSLA,72.29883,52.189998626708984,0.18999862670898438,0.0
2018-10-22,52.13600158691406,52.37200164794922,50.518001556396484,52.189998626708984,52.189998626708984,28001500,TSLA,71.70802,58.827999114990234,6.63800048828125,0.0
2018-10-24,60.209999084472656,60.88800048828125,57.145999908447266,57.70000076293945,57.70000076293945,100291500,TSLA,78.183914,62.97200012207031,5.271999359130859,0.0
2018-11-09,69.80000305175781,70.80000305175781,69.0459976196289,70.10199737548828,70.10199737548828,25494000,TSLA,88.55984,66.25599670410156,-3.8460006713867188,0.0
2018-11-19,71.26799774169922,73.3499984741211,70.57599639892578,70.69400024414062,70.69400024414062,48544500,TSLA,89.91495,69.49800109863281,-1.1959991455078125,0.0
2018-11-29,69.4000015258789,69.5,67.91000366210938,68.23400115966797,68.23400115966797,15403500,TSLA,87.47495,70.09600067138672,1.86199951171875,0.0
2018-12-06,71.2020034790039,73.47599792480469,70.1520004272461,72.61199951171875,72.61199951171875,39212500,TSLA,90.32242,71.59400177001953,-1.0179977416992188,0.0
2018-12-07,73.80000305175781,75.89800262451172,71.52999877929688,71.59400177001953,71.59400177001953,57556000,TSLA,91.474945,73.02999877929688,1.4359970092773438,0.0
2018-12-14,75.0,75.5739974975586,72.86599731445312,73.14199829101562,73.14199829101562,31688000,TSLA,92.414085,69.68399810791016,-3.4580001831054688,0.0
2018-12-18,70.10800170898438,70.30999755859375,66.73799896240234,67.40599822998047,67.40599822998047,35500000,TSLA,87.26998,66.59400177001953,-0.8119964599609375,0.0
2019-01-14,68.47599792480469,68.5,66.80000305175781,66.87999725341797,66.87999725341797,26236500,TSLA,86.414406,68.88600158691406,2.0060043334960938,0.0
2019-01-17,69.24199676513672,70.30000305175781,68.83000183105469,69.46199798583984,69.46199798583984,18383500,TSLA,88.13949,60.45199966430665,-9.009998321533196,0.0
2019-01-23,58.5,58.900001525878906,56.3380012512207,57.518001556396484,57.518001556396484,62650000,TSLA,77.178474,58.30199813842774,0.7839965820312571,0.0
2019-02-07,62.65999984741211,62.939998626708984,60.599998474121094,61.50199890136719,61.50199890136719,32603000,TSLA,81.0703,61.15999984741211,-0.3419990539550781,0.0
2019-02-13,62.470001220703125,62.54999923706055,61.11399841308594,61.63399887084961,61.63399887084961,25708000,TSLA,81.11463,60.75400161743164,-0.8799972534179688,0.0
2019-02-14,60.67599868774414,61.354000091552734,60.20000076293945,60.75400161743164,60.75400161743164,26004000,TSLA,80.02204,61.57600021362305,0.8219985961914062,0.0
2019-02-21,60.36199951171875,60.64799880981445,58.099998474121094,58.24599838256836,58.24599838256836,44546000,TSLA,78.62244,58.94200134277344,0.6960029602050781,0.0
2019-02-22,58.89799880981445,59.29999923706055,58.41999816894531,58.94200134277344,58.94200134277344,28703000,TSLA,78.28949,59.75400161743164,0.8120002746582031,0.0
2019-03-05,56.400001525878906,56.79999923706055,54.02000045776367,55.30799865722656,55.30799865722656,93823500,TSLA,75.09741,55.248001098632805,-0.059997558593757105,0.0
2019-03-07,55.768001556396484,56.939998626708984,54.849998474121094,55.31800079345703,55.31800079345703,47212500,TSLA,75.286644,56.827999114990234,1.5099983215332031,0.0
2019-03-08,55.38199996948242,57.11800003051758,55.178001403808594,56.827999114990234,56.827999114990234,44098000,TSLA,75.702675,58.183998107910156,1.3559989929199219,0.0
2019-03-12,57.29800033569336,57.61399841308594,56.21200180053711,56.672000885009766,56.672000885009766,37520500,TSLA,76.4491,57.79199981689453,1.1199989318847656,0.0
2019-03-15,56.70199966430664,56.74399948120117,54.880001068115234,55.08599853515625,55.08599853515625,73927500,TSLA,75.32883,53.89799880981446,-1.1879997253417898,0.0
2019-04-01,56.52399826049805,57.84000015258789,56.25600051879883,57.83599853515625,57.83599853515625,40552000,TSLA,76.6257,57.17599868774414,-0.6599998474121094,0.0
2019-04-08,55.53799819946289,56.231998443603516,54.0880012512207,54.63999938964844,54.63999938964844,52052000,TSLA,74.712326,54.46200180053711,-0.17799758911132812,0.0
2019-04-11,53.65999984741211,54.099998474121094,53.119998931884766,53.683998107910156,53.683998107910156,49179500,TSLA,73.359,53.540000915527344,-0.1439971923828125,0.0
2019-04-12,54.04399871826172,54.38999938964844,53.36600112915039,53.540000915527344,53.540000915527344,33730000,TSLA,73.57433,53.27600097656249,-0.26399993896485086,0.0
2019-04-18,54.24599838256836,54.96799850463867,53.95000076293945,54.652000427246094,54.652000427246094,29381500,TSLA,74.17683,52.54999923706055,-2.102001190185547,0.0
2019-04-22,53.79999923706055,53.93600082397461,52.49599838256836,52.54999923706055,52.54999923706055,60735500,TSLA,72.89646,52.779998779296875,0.22999954223632812,0.0
2019-04-26,49.29999923706055,49.33599853515625,46.22600173950195,47.02799987792969,47.02799987792969,111803500,TSLA,67.94847,48.29399871826171,1.2659988403320241,0.0
2019-04-29,47.172000885009766,48.79600143432617,46.433998107910156,48.29399871826172,48.29399871826172,83572500,TSLA,67.76555,47.737998962402344,-0.555999755859375,0.0
2019-05-09,48.400001525878906,48.736000061035156,47.38800048828125,48.395999908447266,48.395999908447266,33557000,TSLA,68.37831,47.90399932861328,-0.4920005798339844,0.0
2019-05-13,46.402000427246094,46.49399948120117,44.900001525878906,45.402000427246094,45.402000427246094,54174000,TSLA,66.05037,46.46200180053711,1.0600013732910156,0.0
2019-05-14,45.86000061035156,46.900001525878906,45.599998474121094,46.46200180053711,46.46200180053711,36262000,TSLA,66.50636,46.38999938964844,-0.07200241088867188,0.0
2019-06-05,39.736000061035156,40.25600051879883,38.369998931884766,39.31800079345703,39.31800079345703,67554000,TSLA,60.11123,41.189998626708984,1.8719978332519531,0.0
2019-06-06,40.88800048828125,42.20000076293945,40.36000061035156,41.189998626708984,41.189998626708984,101211000,TSLA,61.686935,40.900001525878906,-0.2899971008300781,0.0
2019-06-14,42.25,43.33000183105469,42.08000183105469,42.98400115966797,42.98400115966797,37167000,TSLA,63.21843,45.00600051879883,2.0219993591308594,0.0
2019-06-19,45.02199935913086,45.55400085449219,44.21200180053711,45.2859992980957,45.2859992980957,32875500,TSLA,65.40659,43.92399978637695,-1.36199951171875,0.0
2019-07-03,47.87799835205078,48.31399917602539,46.902000427246094,46.97999954223633,46.97999954223633,71005500,TSLA,67.61358,46.619998931884766,-0.3600006103515625,0.0
2019-07-08,46.24800109863281,46.45000076293945,45.731998443603516,46.06800079345703,46.06800079345703,29402500,TSLA,66.43887,46.012001037597656,-0.055999755859375,0.0
2019-07-22,51.75,52.43000030517578,50.8380012512207,51.13600158691406,51.13600158691406,34212000,TSLA,71.439964,52.034000396728516,0.8979988098144531,0.0
2019-07-23,51.34199905395508,52.09600067138672,50.900001525878906,52.034000396728516,52.034000396728516,25115500,TSLA,71.53847,52.97600173950195,0.9420013427734375,0.0
2019-07-24,51.83399963378906,53.2140007019043,51.63199996948242,52.97600173950195,52.97600173950195,55364000,TSLA,72.22359,45.763999938964844,-7.212001800537109,0.0
2019-07-26,45.38399887084961,46.051998138427734,44.45000076293945,45.608001708984375,45.608001708984375,50138500,TSLA,65.68576,47.15399932861328,1.5459976196289062,0.0
2019-08-01,48.529998779296875,48.902000427246094,46.354000091552734,46.77000045776367,46.77000045776367,41297500,TSLA,67.77823,46.86800003051758,0.09799957275390625,0.0
2019-08-02,46.27000045776367,47.25400161743164,45.84600067138672,46.86800003051758,46.86800003051758,30682500,TSLA,66.850655,45.66400146484375,-1.2039985656738281,0.0
2019-08-21,44.402000427246094,44.64400100708008,43.52000045776367,44.16600036621094,44.16600036621094,38971500,TSLA,64.60579,44.430000305175774,0.26399993896483664,0.0
2019-08-23,43.99399948120117,44.23400115966797,42.20000076293945,42.279998779296875,42.279998779296875,42693000,TSLA,63.637928,43.0,0.720001220703125,0.0
2019-09-03,44.816001892089844,45.790000915527344,44.63199996948242,45.00199890136719,45.00199890136719,26770500,TSLA,65.4689,44.13600158691406,-0.865997314453125,0.0
2019-09-04,45.37799835205078,45.69200134277344,43.84199905395508,44.13600158691406,44.13600158691406,28805000,TSLA,65.15776,45.91600036621094,1.779998779296875,0.0
2019-09-05,44.5,45.959999084472656,44.16999816894531,45.91600036621094,45.91600036621094,36976500,TSLA,65.523445,45.49000167846679,-0.42599868774414773,0.0
2019-09-10,46.15999984741211,47.108001708984375,45.78799819946289,47.108001708984375,47.108001708984375,24418500,TSLA,66.85842,49.41999816894531,2.3119964599609375,0.0
2019-09-13,49.391998291015625,49.689998626708984,48.9739990234375,49.040000915527344,49.040000915527344,26565500,TSLA,69.36828,48.56200027465821,-0.4780006408691335,0.0
2019-09-23,48.0,49.0359992980957,47.84400177001953,48.24599838256836,48.24599838256836,21701000,TSLA,68.47497,44.64199829101562,-3.6040000915527415,0.0
2019-09-24,48.30400085449219,48.39799880981445,44.52199935913086,44.641998291015625,44.641998291015625,64457500,TSLA,66.59813,45.74000167846679,1.0980033874511648,0.0
2019-09-27,48.439998626708984,49.742000579833984,47.74599838256836,48.42599868774414,48.42599868774414,55582000,TSLA,68.65536,48.17399978637695,-0.2519989013671875,0.0
2019-10-03,46.37200164794922,46.895999908447266,44.85599899291992,46.60599899291992,46.60599899291992,75422500,TSLA,66.376366,46.2859992980957,-0.31999969482421875,0.0
2019-10-16,51.47800064086914,52.41999816894531,51.38399887084961,51.95000076293945,51.95000076293945,33420500,TSLA,71.71179,52.39400100708008,0.444000244140625,0.0
2019-10-24,59.67399978637695,60.986000061035156,57.84000015258789,59.93600082397461,59.93600082397461,148604500,TSLA,78.791145,65.6259994506836,5.689998626708984,0.0
2019-10-31,62.619998931884766,63.79999923706055,62.599998474121094,62.98400115966797,62.98400115966797,25335000,TSLA,82.12548,62.6619987487793,-0.3220024108886719,0.0
2019-11-01,63.263999938964844,63.29600143432617,61.959999084472656,62.6619987487793,62.6619987487793,31919500,TSLA,81.89108,63.49399948120117,0.832000732421875,0.0
2019-11-12,69.37999725341797,70.0739974975586,68.80799865722656,69.98600006103516,69.98600006103516,36797000,TSLA,88.18245,69.22200012207031,-0.7639999389648438,0.0
2019-11-14,69.22200012207031,70.76799774169922,68.58200073242188,69.87000274658203,69.87000274658203,32324500,TSLA,88.24266,70.43399810791016,0.563995361328125,0.0
2019-11-15,70.12799835205078,70.55999755859375,69.6719970703125,70.43399810791016,70.43399810791016,24045000,TSLA,88.807594,69.99800109863281,-0.43599700927734375,0.0
2019-11-18,70.58399963378906,70.62999725341797,69.22000122070312,69.99800109863281,69.99800109863281,22002000,TSLA,88.71204,71.90399932861328,1.9059982299804688,0.0
2019-11-20,72.0,72.23999786376953,69.91400146484375,70.44400024414062,70.44400024414062,33625500,TSLA,89.62833,70.96600341796875,0.522003173828125,0.0
2019-11-25,68.86399841308594,68.91400146484375,66.89199829101562,67.26799774169922,67.26799774169922,61697500,TSLA,86.61874,65.78399658203125,-1.4840011596679688,0.0
2019-12-12,70.98400115966797,72.5479965209961,70.64600372314453,71.93599700927734,71.93599700927734,38819500,TSLA,90.011925,71.6780014038086,-0.25799560546875,0.0
2019-12-19,79.46399688720703,81.37000274658203,79.30000305175781,80.80799865722656,80.80799865722656,90535500,TSLA,98.01179,81.11799621582031,0.30999755859375,0.0
2020-01-07,92.27999877929688,94.32599639892578,90.6719970703125,93.81199645996094,93.81199645996094,89410500,TSLA,109.668686,98.42800140380857,4.616004943847628,0.0
2020-01-17,101.52200317382812,103.13400268554688,100.63200378417969,102.0999984741211,102.0999984741211,68145500,TSLA,118.13491,109.44000244140625,7.340003967285156,0.0
2020-01-28,113.697998046875,115.36199951171875,111.61599731445312,113.37999725341797,113.37999725341797,58942500,TSLA,128.99547,116.19799804687499,2.818000793457017,0.0
2020-02-05,164.65199279785156,169.1959991455078,140.82200622558594,146.94000244140625,146.94000244140625,242119000,TSLA,167.86298,149.79200744628906,2.8520050048828125,0.0
2020-02-06,139.98399353027344,159.16600036621094,137.39999389648438,149.79200744628906,149.79200744628906,199404000,TSLA,160.03542,149.61399841308594,-0.178009033203125,0.0
2020-02-12,155.57400512695312,157.9499969482422,152.6739959716797,153.45799255371094,153.45799255371094,60112500,TSLA,167.57043,160.8000030517578,7.342010498046875,0.0
2020-02-19,184.6999969482422,188.95599365234375,180.20399475097656,183.48399353027344,183.48399353027344,127115000,TSLA,195.03189,179.8820037841797,-3.60198974609375,0.0
2020-02-20,182.38999938964844,182.39999389648438,171.98800659179688,179.8820037841797,179.8820037841797,88174500,TSLA,190.13548,180.19999694824222,0.3179931640625284,0.0
2020-02-24,167.8000030517578,172.6999969482422,164.44000244140625,166.75799560546875,166.75799560546875,75961000,TSLA,179.71867,159.98199462890625,-6.7760009765625,0.0
2020-02-25,169.8000030517578,171.32000732421875,157.39999389648438,159.98199462890625,159.98199462890625,86452500,TSLA,176.452,155.75999450683594,-4.2220001220703125,0.0
2020-02-28,125.94000244140625,138.10400390625,122.30400085449219,133.59800720214844,133.59800720214844,121114500,TSLA,144.4122,148.7239990234375,15.125991821289062,0.0
2020-03-02,142.2519989013672,148.73800659179688,137.33399963378906,148.7239990234375,148.7239990234375,100975000,TSLA,157.69493,149.10200500488278,0.3780059814452841,0.0
2020-03-06,138.0,141.39999389648438,136.85400390625,140.6959991455078,140.6959991455078,63314500,TSLA,153.01207,121.59999847412108,-19.096000671386733,0.0
2020-03-17,88.00199890136719,94.37000274658203,79.19999694824219,86.04000091552734,86.04000091552734,119973000,TSLA,104.111275,72.24400329589844,-13.795997619628906,0.0
2020-03-19,74.94000244140625,90.4000015258789,71.69200134277344,85.52799987792969,85.52799987792969,150977500,TSLA,98.50713,85.50599670410156,-0.022003173828125,0.0
2020-03-31,100.25,108.59200286865234,99.4000015258789,104.80000305175781,104.80000305175781,88857500,TSLA,119.49225,96.31199645996094,-8.488006591796875,0.0
2020-04-13,118.03199768066406,130.39999389648438,116.10600280761719,130.19000244140625,130.19000244140625,112377000,TSLA,138.60219,141.97799682617188,11.787994384765625,0.0
2020-04-17,154.45599365234375,154.99000549316406,149.53199768066406,150.7779998779297,150.7779998779297,65641000,TSLA,165.21489,149.27200317382812,-1.5059967041015625,0.0
2020-04-20,146.5399932861328,153.11399841308594,142.44200134277344,149.27200317382812,149.27200317382812,73733000,TSLA,161.01695,137.343994140625,-11.928009033203125,0.0
2020-04-22,140.79600524902344,146.8000030517578,137.74200439453125,146.4219970703125,146.4219970703125,70827500,TSLA,156.48729,141.1260070800781,-5.295989990234403,0.0
2020-05-06,155.3000030517578,157.9600067138672,152.2220001220703,156.51600646972656,156.51600646972656,55616000,TSLA,168.16449,156.00799560546875,-0.5080108642578125,0.0
2020-05-14,156.0,160.6719970703125,152.8000030517578,160.66600036621094,160.66600036621094,68411000,TSLA,170.09431,159.83399963378906,-0.832000732421875,0.0
2020-05-15,158.07000732421875,161.00999450683594,157.30999755859375,159.83399963378906,159.83399963378906,52592000,TSLA,171.51186,162.7259979248047,2.891998291015625,0.0
2020-05-19,163.03399658203125,164.41400146484375,161.21600341796875,161.6020050048828,161.6020050048828,48182500,TSLA,174.74586,163.11199951171875,1.5099945068359375,0.0
2020-06-02,178.94000244140625,181.73199462890625,174.1999969482422,176.31199645996094,176.31199645996094,67828000,TSLA,188.91606,176.5919952392578,0.279998779296875,0.0
2020-06-15,183.55799865722656,199.76800537109375,181.6999969482422,198.17999267578125,198.17999267578125,78486000,TSLA,201.33736,196.42599487304688,-1.753997802734375,0.0
2020-06-24,198.82200622558594,200.17599487304688,190.6280059814453,192.1699981689453,192.1699981689453,54798000,TSLA,205.35976,197.19599914550778,5.026000976562472,0.0
2020-06-29,193.802001953125,202.0,189.70399475097656,201.8699951171875,201.8699951171875,45132000,TSLA,206.90578,215.96200561523438,14.092010498046875,0.0
2020-07-22,319.79998779296875,325.28399658203125,312.3999938964844,318.46600341796875,318.46600341796875,70805500,TSLA,321.31488,302.614013671875,-15.85198974609375,0.0
2020-07-28,300.79998779296875,312.94000244140625,294.8840026855469,295.2980041503906,295.2980041503906,79043500,TSLA,304.3624,299.8219909667969,4.52398681640625,0.0
2020-08-04,299.00201416015625,305.48199462890625,292.3999938964844,297.3999938964844,297.3999938964844,42075000,TSLA,302.13803,297.0039978027344,-0.39599609375,0.0
2020-08-10,289.6000061035156,291.5,277.1679992675781,283.7139892578125,283.7139892578125,37611500,TSLA,289.75415,274.87799072265625,-8.83599853515625,0.0
2020-08-11,279.20001220703125,284.0,273.0,274.87799072265625,274.87799072265625,43129000,TSLA,282.56503,310.9519958496094,36.074005126953125,0.0
2020-08-14,332.99798583984375,333.760009765625,325.3280029296875,330.1419982910156,330.1419982910156,62888000,TSLA,332.1648,367.12799072265625,36.985992431640625,0.0
2020-08-19,373.0,382.20001220703125,368.24200439453125,375.70599365234375,375.70599365234375,61026500,TSLA,373.9316,400.3659973144531,0.0,-24.660003662109375
2020-09-04,402.80999755859375,428.0,372.0199890136719,418.32000732421875,418.32000732421875,110321900,TSLA,402.7622,330.2099914550781,0.0,88.11001586914062
2020-09-15,436.55999755859375,461.94000244140625,430.70001220703125,449.760009765625,449.760009765625,97298200,TSLA,440.14206,441.760009765625,0.0,8.0
2020-09-18,447.94000244140625,451.0,428.79998779296875,442.1499938964844,442.1499938964844,86406800,TSLA,437.59592,449.39001464843744,0.0,-7.240020751953068
2020-09-30,421.32000732421875,433.92999267578125,420.4700012207031,429.010009765625,429.010009765625,48145600,TSLA,422.5088,448.1600036621094,0.0,-19.149993896484375
2020-10-19,446.239990234375,447.0,428.8699951171875,430.8299865722656,430.8299865722656,36287800,TSLA,433.45303,421.94000244140625,-8.889984130859375,0.0
2020-10-26,411.6300048828125,425.760009765625,410.0,420.2799987792969,420.2799987792969,28239200,TSLA,413.77234,424.67999267578125,0.0,-4.399993896484375
2020-10-29,409.9599914550781,418.05999755859375,406.4599914550781,410.8299865722656,410.8299865722656,22655300,TSLA,408.37207,388.0400085449219,0.0,22.78997802734375
2020-11-05,428.29998779296875,440.0,424.0,438.0899963378906,438.0899963378906,28414500,TSLA,428.56024,429.95001220703125,0.0,8.139984130859375
2020-11-23,503.5,526.0,501.7900085449219,521.8499755859375,521.8499755859375,50260300,TSLA,505.00488,555.3800048828125,0.0,-33.530029296875
2020-11-27,581.1599731445312,598.780029296875,578.4500122070312,585.760009765625,585.760009765625,37561100,TSLA,573.71796,567.5999755859375,0.0,18.1600341796875
2020-11-30,602.2100219726562,607.7999877929688,554.510009765625,567.5999755859375,567.5999755859375,63003100,TSLA,570.06866,584.760009765625,17.1600341796875,0.0
2020-12-01,597.5900268554688,597.8499755859375,572.0499877929688,584.760009765625,584.760009765625,40103500,TSLA,575.21106,568.8200073242188,0.0,15.94000244140625
2020-12-16,628.22998046875,632.5,605.0,622.77001953125,622.77001953125,42095800,TSLA,607.6356,655.9000244140625,0.0,-33.1300048828125
2020-12-22,648.0,649.8800048828125,614.22998046875,640.3400268554688,640.3400268554688,51716000,TSLA,622.7105,645.9799804687501,0.0,-5.639953613281364
2020-12-29,661.0,669.9000244140625,655.0,665.989990234375,665.989990234375,22910800,TSLA,646.6314,694.7800292968749,0.0,-28.790039062499886
2021-01-06,758.489990234375,774.0,749.0999755859375,755.97998046875,755.97998046875,44700000,TSLA,738.1666,816.0399780273438,0.0,-60.05999755859375
2021-01-25,855.0,900.4000244140625,838.8200073242188,880.7999877929688,880.7999877929688,41173400,TSLA,842.5153,883.0900268554689,0.0,-2.2900390625001137
2021-01-29,830.0,842.4099731445312,780.0999755859375,793.530029296875,793.530029296875,34990800,TSLA,786.9651,839.8099975585936,0.0,-46.279968261718636
2021-02-03,877.02001953125,878.0800170898438,853.0599975585938,854.6900024414062,854.6900024414062,18343500,TSLA,838.7668,849.989990234375,0.0,4.70001220703125
2021-02-04,855.0,856.5,833.4199829101562,849.989990234375,849.989990234375,15812700,TSLA,822.83844,852.22998046875,0.0,-2.239990234375
2021-02-10,843.6400146484375,844.8200073242188,800.02001953125,804.8200073242188,804.8200073242188,36216100,TSLA,798.1796,811.6599731445312,0.0,-6.8399658203125
2021-02-24,711.8499755859375,745.0,694.1699829101562,742.02001953125,742.02001953125,36767000,TSLA,704.20795,682.219970703125,0.0,59.800048828125
2021-03-02,718.280029296875,721.1099853515625,685.0,686.4400024414062,686.4400024414062,23732200,TSLA,683.6972,653.2000122070312,0.0,33.239990234375
2021-03-05,626.0599975585938,627.8400268554688,539.489990234375,597.9500122070312,597.9500122070312,89396500,TSLA,583.94464,563.0,0.0,34.95001220703125
2021-03-18,684.2899780273438,689.22998046875,652.0,653.1599731445312,653.1599731445312,33224800,TSLA,652.36865,654.8699951171875,0.0,-1.71002197265625
2021-03-25,613.0,645.5,609.5,640.3900146484375,640.3900146484375,39224900,TSLA,612.9796,618.7100219726562,0.0,21.67999267578125
2021-03-29,615.6400146484375,616.47998046875,596.02001953125,611.2899780273438,611.2899780273438,28637000,TSLA,596.00793,635.6199951171875,0.0,-24.33001708984375
2021-04-09,677.77001953125,680.969970703125,669.4299926757812,677.02001953125,677.02001953125,21437100,TSLA,659.1728,701.97998046875,0.0,-24.9599609375
2021-04-13,712.7000122070312,763.0,710.6599731445312,762.3200073242188,762.3200073242188,44652800,TSLA,717.84674,732.22998046875,0.0,30.09002685546875
2021-04-19,719.5999755859375,725.4000244140625,691.7999877929688,714.6300048828125,714.6300048828125,39686200,TSLA,693.7439,718.989990234375,0.0,-4.3599853515625
2021-04-30,667.5900268554688,715.469970703125,666.1400146484375,709.4400024414062,709.4400024414062,40758700,TSLA,672.609,684.9000244140625,0.0,24.53997802734375
2021-05-04,678.9400024414062,683.4500122070312,657.7000122070312,673.5999755859375,673.5999755859375,29739300,TSLA,656.3141,670.9400024414064,0.0,2.6599731445311363
2021-05-06,680.760009765625,681.02001953125,650.0,663.5399780273438,663.5399780273438,27784600,TSLA,651.72455,672.3699951171875,0.0,-8.83001708984375
2021-05-10,664.9000244140625,665.0499877929688,627.6099853515625,629.0399780273438,629.0399780273438,31392400,TSLA,630.40656,617.2000122070312,-11.8399658203125,0.0
2021-05-19,552.5499877929688,566.2100219726562,546.97998046875,563.4600219726562,563.4600219726562,39578400,TSLA,546.5287,586.780029296875,0.0,-23.32000732421875
2021-05-21,596.1099853515625,596.6799926757812,580.0,580.8800048828125,580.8800048828125,26030600,TSLA,575.569,606.4400024414062,0.0,-25.55999755859375
2021-05-26,607.5599975585938,626.1699829101562,601.5,619.1300048828125,619.1300048828125,28639300,TSLA,599.8955,630.8499755859376,0.0,-11.719970703125114
2021-06-09,602.1699829101562,611.7899780273438,597.6300048828125,598.780029296875,598.780029296875,16584600,TSLA,589.2513,610.1199951171875,0.0,-11.3399658203125
2021-06-10,603.8800048828125,616.5900268554688,600.5,610.1199951171875,610.1199951171875,23919600,TSLA,594.3073,609.8900146484375,0.0,0.22998046875
2021-06-14,612.22998046875,625.489990234375,609.1799926757812,617.6900024414062,617.6900024414062,20424000,TSLA,602.2399,599.3599853515625,0.0,18.33001708984375
2021-06-17,601.8900146484375,621.469970703125,601.3400268554688,616.5999755859375,616.5999755859375,22701400,TSLA,596.87134,623.3099975585938,0.0,-6.71002197265625
2021-06-30,679.77001953125,692.8099975585938,678.1400146484375,679.7000122070312,679.7000122070312,18924900,TSLA,665.2464,677.9199829101562,0.0,1.780029296875
2021-07-19,629.8900146484375,647.2000122070312,621.2899780273438,646.219970703125,646.219970703125,21297100,TSLA,621.32007,660.5,0.0,-14.280029296875
2021-07-21,659.6099853515625,664.8599853515625,650.2899780273438,655.2899780273438,655.2899780273438,13953300,TSLA,641.2857,649.260009765625,0.0,6.02996826171875
2021-07-29,649.7899780273438,683.6900024414062,648.7999877929688,677.3499755859375,677.3499755859375,30394600,TSLA,648.8721,687.2000122070312,0.0,-9.85003662109375
2021-07-30,671.760009765625,697.530029296875,669.0,687.2000122070312,687.2000122070312,29600500,TSLA,664.31665,709.6699829101562,0.0,-22.469970703125
2021-08-02,700.0,726.9400024414062,698.4000244140625,709.6699829101562,709.6699829101562,33615800,TSLA,690.2697,709.739990234375,0.0,-0.07000732421875
2021-08-09,710.1699829101562,719.030029296875,705.1300048828125,713.760009765625,713.760009765625,14715300,TSLA,693.17834,709.989990234375,0.0,3.77001953125
2021-08-30,714.719970703125,731.0,712.72998046875,730.9099731445312,730.9099731445312,18604200,TSLA,703.1845,735.719970703125,0.0,-4.80999755859375
2021-09-09,753.4099731445312,762.0999755859375,751.6300048828125,754.8599853515625,754.8599853515625,14077700,TSLA,734.477,736.27001953125,0.0,18.5899658203125
2021-09-17,757.1500244140625,761.0399780273438,750.0,759.489990234375,759.489990234375,28204200,TSLA,735.8138,730.1699829101564,0.0,29.320007324218636
2021-10-15,823.739990234375,843.2100219726562,822.3499755859375,843.030029296875,843.030029296875,18818000,TSLA,808.47797,870.1099853515625,0.0,-27.0799560546875
2021-10-25,950.530029296875,1045.02001953125,944.2000122070312,1024.8599853515625,1024.8599853515625,62852100,TSLA,959.7684,1018.4299926757812,0.0,6.42999267578125
2021-10-27,1039.6600341796875,1070.8800048828125,1030.780029296875,1037.8599853515625,1037.8599853515625,38526500,TSLA,1009.4961,1077.0400390625,0.0,-39.1800537109375
2021-11-01,1145.0,1209.75,1118.6600341796875,1208.5899658203125,1208.5899658203125,56048700,TSLA,1129.5958,1172.0,0.0,36.5899658203125
2021-11-03,1177.3299560546875,1215.3900146484375,1152.6199951171875,1213.8599853515625,1213.8599853515625,34628500,TSLA,1147.3861,1229.9100341796873,0.0,-16.050048828124773
2021-11-04,1234.4100341796875,1243.489990234375,1217.0,1229.9100341796875,1229.9100341796875,25397400,TSLA,1186.008,1222.0899658203125,0.0,7.820068359375
2021-11-11,1102.77001953125,1104.969970703125,1054.6800537109375,1063.510009765625,1063.510009765625,22396600,TSLA,1043.4155,1033.4200439453125,0.0,30.0899658203125
2021-11-24,1080.3900146484375,1132.77001953125,1062.0,1116.0,1116.0,22560200,TSLA,1060.1885,1081.9200439453125,0.0,34.0799560546875
2021-12-03,1084.7900390625,1090.5799560546875,1000.2100219726562,1014.969970703125,1014.969970703125,30696300,TSLA,1010.68884,1009.010009765625,0.0,5.9599609375
2021-12-16,994.5,994.97998046875,921.8499755859375,926.9199829101562,926.9199829101562,27590500,TSLA,927.0996,932.5700073242188,5.6500244140625,0.0
2021-12-29,1098.6400146484375,1104.0,1064.1400146484375,1086.18994140625,1086.18994140625,18718000,TSLA,1050.2474,1070.3399658203125,0.0,15.8499755859375
2022-01-14,1019.8800048828125,1052.0,1013.3800048828125,1049.6099853515625,1049.6099853515625,24246600,TSLA,999.31354,1030.510009765625,0.0,19.0999755859375
2022-01-18,1026.6099853515625,1070.7900390625,1016.0599975585938,1030.510009765625,1030.510009765625,22247800,TSLA,1001.1763,995.6500244140625,0.0,34.8599853515625
2022-01-27,933.3599853515625,935.3900146484375,829.0,829.0999755859375,829.0999755859375,49036500,TSLA,852.49365,846.3499755859375,17.25,0.0
